t,x1,v1,x2,v2
0.0,1.0060943415950887,-0.020799682124809912,0.5150090239161291,0.018811294327824277
0.025025025025025027,0.9605879215056818,-0.05731964810984902,0.5026350772840747,-7.055430930303849e-05
0.05005005005005005,0.9980988700014425,-0.07958165808585542,0.5179008893715082,0.02805268287359155
0.07507507507507508,0.9978005935711721,-0.07115803943257845,0.5100537278235502,0.001530054094881942
0.1001001001001001,1.0011208589221092,-0.14396872446278483,0.5188183741787737,0.023901246210267266
0.12512512512512514,0.9865379757372791,-0.16937286097359472,0.5264002112525096,0.027946168464081707
0.15015015015015015,0.9773850792605693,-0.19360412162321256,0.5134484552953449,0.04442414941465484
0.1751751751751752,0.9891540240369437,-0.20856535422286773,0.5466393733221654,0.034995445594403596
0.2002002002002002,0.9648386367938209,-0.26386005286973585,0.5172795258129127,0.0716301690051879
0.22522522522522523,0.966230869199818,-0.29454263880403664,0.48977101337231427,0.06789668066852472
0.2502502502502503,0.9760500180006562,-0.2967532717708811,0.49439586270992814,0.06525801005501687
0.2752752752752753,0.9554498891411956,-0.33281151132850323,0.5267220244312699,0.0707013612399426
0.3003003003003003,0.9578898804819681,-0.36506517615286904,0.5168021785033378,0.08434357433333237
0.3253253253253253,0.9056369379122624,-0.4016750269111141,0.5034743314161254,0.0642914338296702
0.3503503503503504,0.9190281986915793,-0.3938522061542206,0.4975592413808514,0.1016378482293724
0.3753753753753754,0.8799174336995659,-0.45849437527420367,0.5202532559436961,0.09904158390730895
0.4004004004004004,0.9161468972670826,-0.46352366366061576,0.5122701812632868,0.08294616351231379
0.42542542542542544,0.9067448198460527,-0.5103314734056509,0.49609724955511336,0.07422455648903831
0.45045045045045046,0.8581869218716115,-0.5231708562475434,0.5269409858310339,0.11520818851579456
0.47547547547547553,0.8543623053239975,-0.5560194628925955,0.5391961257724932,0.09952106825844287
0.5005005005005005,0.8577286297286966,-0.5979466185764218,0.5221203481893335,0.10217458155798469
0.5255255255255256,0.8097307638886897,-0.5999028996455019,0.5227904201017339,0.11394311211274835
0.5505505505505506,0.8277005018986907,-0.6250377428665788,0.5483775899031664,0.1153809365475881
0.5755755755755756,0.7934567160759359,-0.6592565229446097,0.5043032216254387,0.09183057883267355
0.6006006006006006,0.7587210210193481,-0.7006453343198107,0.5491080252457583,0.10584170424224823
0.6256256256256256,0.7602959998118147,-0.6770758834458259,0.5371262972397798,0.1416281208022347
0.6506506506506506,0.7313202890646195,-0.7288291460361199,0.528460172732671,0.1227638220057148
0.6756756756756758,0.7483991386728319,-0.7802054614832096,0.5594215261619421,0.13669840265306143
0.7007007007007008,0.7007955577519158,-0.7947771639552955,0.5555047002067446,0.12347827027090734
0.7257257257257258,0.6979217197259556,-0.784854575380324,0.5894763970100869,0.13112368296318588
0.7507507507507508,0.652911230452826,-0.8003615436542287,0.565261979792464,0.1646487938989539
0.7757757757757758,0.6697394882506853,-0.8146668891491119,0.5935845505131814,0.11494927601693837
0.8008008008008008,0.6194616046809356,-0.8573777316611212,0.5600065112190064,0.1121495714209476
0.8258258258258259,0.6237629247533732,-0.859500911031588,0.541890967009694,0.12002409700248062
0.8508508508508509,0.5957383602705021,-0.8536570797682275,0.6147585330204604,0.19895365899485085
0.8758758758758759,0.5757907369689056,-0.9047119018223966,0.5357043878363641,0.14605480066767873
0.9009009009009009,0.5289262153191279,-0.9068545568847429,0.5696213711378,0.1375877976360493
0.9259259259259259,0.543857217582877,-0.9081447513277953,0.5821971110108624,0.11906829349636427
0.9509509509509511,0.466088987557923,-0.9328504602728559,0.5877809754858746,0.17418863577493268
0.9759759759759761,0.47894828193308675,-0.914397536981041,0.5823295723488119,0.1138473379170707
1.001001001001001,0.4335386233831302,-0.9585644577513872,0.6383074172365049,0.11949914314280934
1.026026026026026,0.44587008071851214,-0.9711967790572514,0.6177472708307372,0.1416684204786609
1.0510510510510511,0.40201140271014546,-0.9620945614874548,0.5893446045047208,0.1405930015096187
1.0760760760760761,0.371896425257878,-0.9929883501875794,0.5801443726097628,0.13248327441079094
1.1011011011011012,0.38826162768551353,-0.97152324158212,0.6065227590715656,0.13176437298013946
1.1261261261261262,0.35833915755388446,-0.9756272447712837,0.6037904057512339,0.14484531263825962
1.1511511511511512,0.3162131363692089,-0.9536326486901532,0.6186994531829536,0.09455658518407911
1.1761761761761762,0.2555973074879204,-0.9547002174045673,0.6524376394526493,0.11143654197050047
1.2012012012012012,0.2505469266488732,-0.9608971229886217,0.5986480740696363,0.09276808208651557
1.2262262262262262,0.24627921855502968,-0.9994606748656287,0.6233976823120774,0.10268480942343013
1.2512512512512513,0.21534215338759938,-0.9638969489609239,0.6279008057446089,0.11377985968039028
1.2762762762762763,0.14276529642358848,-0.9925355509208256,0.6116827638187324,0.07113004278049664
1.3013013013013013,0.141407946985274,-0.996796976556953,0.6491844145663936,0.06324331478674237
1.3263263263263263,0.1348340802184369,-0.9973931037662894,0.6264841383570529,0.10375308439631722
1.3513513513513515,0.12030634030068446,-0.9576030031270057,0.6319625372574512,0.06337038251066758
1.3763763763763766,0.08048537366240646,-0.9751934839608424,0.6404346246939886,0.04886038655220101
1.4014014014014016,0.06231046865091276,-0.9702286684352367,0.6889303258744572,0.1010150191271154
1.4264264264264266,0.01911703648457606,-0.9743552235660644,0.6108086891873024,0.04426888877546606
1.4514514514514516,0.01834165272321825,-0.937377436648114,0.6268034503639327,0.0352841777639684
1.4764764764764766,-0.05487906532877122,-0.9567165086593075,0.6212473795461876,0.02974621383896623
1.5015015015015016,-0.053220966966036995,-0.9464089098033002,0.6082467325201677,0.0026508412037698353
1.5265265265265267,-0.01661431446454268,-0.9604353747539346,0.6221585942207126,0.06008101937875877
1.5515515515515517,-0.024356150568728592,-0.9473962641918339,0.6372021247621654,0.02122490966098946
1.5765765765765767,-0.07086251742664412,-0.9321076980482538,0.6399067083484642,0.02069780581570892
1.6016016016016017,-0.11941920219888814,-0.9074407042235115,0.642146058769415,-0.03187687599337323
1.6266266266266267,-0.15523382512501988,-0.8919484406376235,0.6492341568276493,-0.025295905446965375
1.6516516516516517,-0.16305225322347688,-0.8522411257769547,0.64721864780199,-0.017237786269465864
1.6766766766766767,-0.19306891054613962,-0.8575565738752252,0.6289425222943342,-0.02829215484294977
1.7017017017017018,-0.21734296062883912,-0.799963053494743,0.6738421751314312,-0.0375118900733421
1.7267267267267268,-0.25152013807285667,-0.8475662442014892,0.6649307566943187,-0.05083002601459525
1.7517517517517518,-0.24709524813622907,-0.8429436707709337,0.6581147800082637,-0.058093634173366555
1.7767767767767768,-0.298904492186854,-0.7994784182773349,0.6430178422312671,-0.07746169539673547
1.8018018018018018,-0.302077492339049,-0.7733961504719701,0.6305951232742407,-0.08701154785576479
1.8268268268268268,-0.28586515481691904,-0.8032417112417122,0.6284970660250638,-0.09829761390558474
1.8518518518518519,-0.3279416231187058,-0.7392546084466352,0.5954020476050755,-0.10723655100672065
1.876876876876877,-0.31736999637620783,-0.7417495553598255,0.6448134989142718,-0.13252905975072474
1.9019019019019021,-0.370671952714185,-0.7107578380651469,0.6175415996011104,-0.11230295076422739
1.9269269269269271,-0.3747783656909114,-0.6330766450216961,0.6441616220034085,-0.1420400329477113
1.9519519519519521,-0.3679815007202497,-0.6363860558611012,0.6332404996138098,-0.16943294489603078
1.9769769769769772,-0.41738651235460983,-0.636002626227949,0.6322205452765904,-0.19989816102534264
2.002002002002002,-0.41834261223660874,-0.6022263171512339,0.63127908399736,-0.174284821146113
2.027027027027027,-0.4122509262757925,-0.5596541306878586,0.571512408259944,-0.20373946343809538
2.052052052052052,-0.48616801532416876,-0.5600155100704572,0.6279475894135931,-0.20286434958424907
2.0770770770770772,-0.49014871998627296,-0.5448557738455215,0.592816439969686,-0.2532654347423079
2.1021021021021022,-0.50240249114216,-0.4928516897949903,0.6093703195213143,-0.23017077010568635
2.1271271271271273,-0.5469721974797427,-0.4671220801824428,0.5814713696378037,-0.24756034266774687
2.1521521521521523,-0.48033660705653997,-0.48822733255906514,0.5616367303945056,-0.2575802243390791
2.1771771771771773,-0.5551459956224183,-0.39086125526987714,0.5739139657638014,-0.26608246311181116
2.2022022022022023,-0.5451171709309145,-0.3772163800612649,0.5806629992058595,-0.29201537818078155
2.2272272272272273,-0.5385180583817164,-0.36091948724084505,0.53443117994086,-0.3133126166244565
2.2522522522522523,-0.5550813408069805,-0.3312462571192281,0.5637562710817277,-0.3452393857087471
2.2772772772772774,-0.5626671170060721,-0.2816559277702524,0.5206066290336394,-0.3542249286226467
2.3023023023023024,-0.5635630412381989,-0.2665816081122347,0.5270824741751243,-0.3249036793303969
2.3273273273273274,-0.5572174067876356,-0.2386609681002831,0.528969164980018,-0.3186114920676451
2.3523523523523524,-0.5844990067855991,-0.2674702164789902,0.5406628225579183,-0.38796586326882726
2.3773773773773774,-0.583576254968347,-0.1730161653397319,0.4668824863134875,-0.4174447274259561
2.4024024024024024,-0.6223911250435843,-0.18683306040008815,0.4977307427101386,-0.3954674372238834
2.4274274274274275,-0.5887641738146849,-0.17091533556652855,0.43240834462263655,-0.41832994943642515
2.4524524524524525,-0.6069412056020356,-0.10517930194043872,0.48198596307689223,-0.430031362147052
2.4774774774774775,-0.5848113048874722,-0.0815178711325073,0.46755106817316067,-0.4601691203072985
2.5025025025025025,-0.6054078179149267,-0.05396044497689306,0.46203229140418667,-0.46711723053078347
2.5275275275275275,-0.5924890633395121,-0.03509601621361812,0.43161487354245454,-0.4556931115284778
2.5525525525525525,-0.6431682496644995,-0.02771185672537818,0.3923413572788893,-0.5318583476200021
2.5775775775775776,-0.6165681602393012,0.04105286287104708,0.4039857133260573,-0.49398139771960214
2.6026026026026026,-0.5802196832624699,0.08028412063497802,0.39568189340924464,-0.4834525866148165
2.6276276276276276,-0.5984728835709278,0.06443833540027588,0.3722450944017711,-0.5525454667066663
2.6526526526526526,-0.6157053338220738,0.10124188335271239,0.3869650206494253,-0.500740617389748
2.677677677677678,-0.6225357577733115,0.14320530765398984,0.33653931827965206,-0.5376818470887605
2.702702702702703,-0.5937926672871937,0.12537873368665084,0.3620748671539877,-0.571081875330695
2.727727727727728,-0.5974649110389031,0.1669227173003621,0.3162893445081214,-0.5620043817164415
2.752752752752753,-0.5855334733116095,0.22085639542714053,0.3221926803314198,-0.5554916772935181
2.777777777777778,-0.5829209454352343,0.21032792349839,0.32159716800834404,-0.5996281032777766
2.802802802802803,-0.547454906674547,0.27270357774018517,0.2826540714223204,-0.5968554774876139
2.827827827827828,-0.5237835580987052,0.33130859988236194,0.27142084018385965,-0.6111877931387056
2.852852852852853,-0.5337228751957573,0.29712418070914526,0.2611902604639578,-0.6251863745573882
2.877877877877878,-0.5408121495409881,0.32114788450707604,0.20697959877948258,-0.6761123864360056
2.902902902902903,-0.5606919944650598,0.3519035992284006,0.21690316095698947,-0.6055872106693894
2.927927927927928,-0.5069030313359384,0.36455623330583187,0.21347890317301918,-0.6618377178393884
2.9529529529529532,-0.5248271916115613,0.40966035107916776,0.20243559962479155,-0.6695207987091593
2.9779779779779783,-0.48743277009912694,0.404682047058354,0.17348435530342343,-0.6194870201022721
3.0030030030030033,-0.49328598539915935,0.477140283545031,0.15827982078087335,-0.6681857301781682
3.0280280280280283,-0.48740450839278926,0.46538892989121733,0.12374678538785316,-0.6792027549210051
3.0530530530530533,-0.49132047625105846,0.5017741877495426,0.14373331419875016,-0.6881235276383557
3.0780780780780783,-0.467551891229157,0.5165306422130024,0.09835854914626482,-0.6840178988672001
3.1031031031031033,-0.48552570123750044,0.5190313649512539,0.047042881369740316,-0.7395258331734537
3.1281281281281283,-0.4082421556701183,0.5612233855904569,0.05462888459852497,-0.7461836636361812
3.1531531531531534,-0.48100110664009915,0.5492913948745833,0.09942818887877035,-0.7135505490470785
3.1781781781781784,-0.4186810200222755,0.585552240219995,0.0016541113349030148,-0.7339078162349755
3.2032032032032034,-0.3908860239538519,0.5898487635959438,0.030404915617930104,-0.7263732068296325
3.2282282282282284,-0.36452145728100777,0.5923382315998054,0.014133041238381952,-0.7055773256336286
3.2532532532532534,-0.38194962142425976,0.6020862395409752,0.004363242966436306,-0.7464520058687475
3.2782782782782784,-0.3187953155872312,0.6239091900955568,-0.011887221530526515,-0.7440378807813561
3.3033033033033035,-0.3257192977546131,0.6761458905523475,-0.06695500108159724,-0.7691006082098372
3.3283283283283285,-0.32357518882703606,0.6651492214022828,-0.10985113027682496,-0.7407024994734985
3.3533533533533535,-0.30882844411220267,0.6894576328423386,-0.14531142232232164,-0.7719156500582414
3.3783783783783785,-0.3149820378916032,0.659512828703328,-0.11142597865595061,-0.7620558382425667
3.4034034034034035,-0.26929214053551526,0.6815172880067066,-0.13131623152689098,-0.7804798505819968
3.4284284284284285,-0.2328537142503759,0.7057366870758125,-0.14672827375208888,-0.7505638493306468
3.4534534534534536,-0.22364481740889428,0.740078287995426,-0.175244930364168,-0.7687662654178075
3.4784784784784786,-0.2270648854565677,0.6847293280398293,-0.21748404920782188,-0.7808728748456286
3.5035035035035036,-0.19569027227989877,0.7171567674339261,-0.21066940967851425,-0.7784201806638816
3.5285285285285286,-0.15843910008843276,0.7294491349282655,-0.23397739830613767,-0.7757189640699964
3.5535535535535536,-0.1475468852490389,0.7217003075009238,-0.2788221406431647,-0.7631088603825317
3.5785785785785786,-0.1352767152818922,0.702314036984008,-0.2651092879419762,-0.7894710257322668
3.6036036036036037,-0.09574790355721802,0.7467193785452314,-0.29296286038222263,-0.7512672058036984
3.6286286286286287,-0.15259936436936106,0.6991704326032009,-0.3127426472451869,-0.7776771862807021
3.6536536536536537,-0.07204031025751471,0.7618651002804933,-0.34929052226252927,-0.7702190964776168
3.6786786786786787,-0.06356749188940543,0.7528492742658901,-0.3690219041057753,-0.7452624618184501
3.7037037037037037,-0.013842453790948075,0.6853877718692345,-0.388925479275136,-0.7550281405160558
3.7287287287287287,-0.0427387020126074,0.7315624305000261,-0.3771025626140542,-0.7779093864332602
3.753753753753754,-0.0041664449850710664,0.6997427450601166,-0.37496900839867414,-0.7503596182320423
3.778778778778779,-0.009466463473018997,0.7172001551860671,-0.4036007631701524,-0.7237898865634429
3.8038038038038042,-0.012839817684031633,0.7113292945246954,-0.45781462291930497,-0.7225397642312746
3.8288288288288292,0.009847258503937886,0.7028003946121226,-0.4713862046392245,-0.7469443413653725
3.8538538538538543,0.06986963653698068,0.6911346031869209,-0.48550498475131326,-0.6858713426031587
3.8788788788788793,0.0638510892077362,0.6785031582180795,-0.4856528244040266,-0.7204527926765236
3.9039039039039043,0.09893577595655846,0.6578928487630837,-0.5168930073583401,-0.6735372416117228
3.9289289289289293,0.08530690416913715,0.6101597898870081,-0.4938833562483583,-0.6421054094741478
3.9539539539539543,0.11435441883613806,0.6086966871120181,-0.5495556781048082,-0.6906951425007536
3.9789789789789793,0.13471736295045791,0.6133611468431104,-0.5487902102722404,-0.6659420729317067
4.004004004004004,0.12437820312535856,0.6369994723003884,-0.536144338483751,-0.6640437423282026
4.029029029029029,0.16294467033660168,0.6067679224339327,-0.5814804821688679,-0.692743052155736
4.054054054054054,0.18805854435940145,0.5876124989248076,-0.573177647152046,-0.6518628151486323
4.079079079079079,0.23284345649886845,0.5583984741528879,-0.6144886048962157,-0.6318516590973153
4.104104104104104,0.19643628730466595,0.5683276560396727,-0.6178245147626792,-0.6341942212410621
4.129129129129129,0.19390764012997994,0.5480078930364845,-0.6756964720661895,-0.6236705553259153
4.1541541541541545,0.2396249721321433,0.4971173257921663,-0.705257073917621,-0.5959229281271791
4.1791791791791795,0.2438748815972288,0.4621181236473174,-0.6722566820031578,-0.5885014656123088
4.2042042042042045,0.2526700037418607,0.46859083769984555,-0.6859520271232601,-0.5749997266085531
4.2292292292292295,0.3267470463894913,0.4841985465600747,-0.7093251525921124,-0.5730259922506901
4.2542542542542545,0.3070913536457374,0.4685385331317991,-0.7061438387117509,-0.5674872435903583
4.2792792792792795,0.29320648926795284,0.4260940550702535,-0.7291414551450348,-0.5141494450380453
4.3043043043043046,0.3033798028467983,0.40624034499533307,-0.75212731498726,-0.5357815369429274
4.32932932932933,0.341708624182918,0.3482042040766861,-0.788059005983815,-0.5329679362610209
4.354354354354355,0.28582672912474133,0.35193957412536797,-0.8026014758245932,-0.5075099071295586
4.37937937937938,0.36350184160322213,0.34377740529373946,-0.817338485129375,-0.4905212380070951
4.404404404404405,0.3706646938576455,0.30614498353074143,-0.8270012632497961,-0.46384310236931164
4.42942942942943,0.35310751642293675,0.3151447755552082,-0.8207675337939655,-0.4463620478820963
4.454454454454455,0.3441009678422591,0.2780563139628441,-0.8360443829472957,-0.46985560946678906
4.47947947947948,0.3401941645183081,0.2677150134471142,-0.8498109437042436,-0.4508992312191098
4.504504504504505,0.3755885512787153,0.2518890822728599,-0.8989877773823802,-0.4450879291231453
4.52952952952953,0.36448102647106945,0.2335355653826394,-0.8579170093441022,-0.3843085500790116
4.554554554554555,0.3649320921234387,0.1565875140471144,-0.8644179161385352,-0.3828000430455782
4.57957957957958,0.40286899587108965,0.14960272553695037,-0.8772218980999643,-0.36493752293920284
4.604604604604605,0.41096397793716355,0.1436149274251537,-0.924193687004092,-0.3970163799329945
4.62962962962963,0.4183073272879884,0.12511791342455592,-0.9208171521202391,-0.3730886732441857
4.654654654654655,0.4024608987903861,0.09366844923496684,-0.8726546242369245,-0.3092500623998753
4.67967967967968,0.3945930032503003,0.03070679330154607,-0.9161694306671415,-0.3091217964600324
4.704704704704705,0.3826085730656256,0.06292170819195238,-0.8880742251100305,-0.2638658953252055
4.72972972972973,0.3847078369386273,0.012313828665846772,-0.9179488095901046,-0.2610897188351831
4.754754754754755,0.42766300148250047,-0.018892308667550192,-0.9224871579534071,-0.2404732455635023
4.77977977977978,0.40835869115349843,-0.09413472518156137,-0.9417415791970044,-0.24753656103418797
4.804804804804805,0.3741466664021853,-0.05170804662704547,-0.9145395396174754,-0.19237394171161393
4.82982982982983,0.4023757361373731,-0.08520233206909263,-0.9541614931534784,-0.19860601477164866
4.854854854854855,0.3722580500037374,-0.13110351238661533,-0.9580547328701594,-0.21179028780270365
4.87987987987988,0.3892890038430405,-0.1673939847383718,-0.9277473698757771,-0.15091364114029948
4.904904904904905,0.38605897651663956,-0.18747681613117528,-0.9668265397606907,-0.1559159084476102
4.92992992992993,0.35903325305255923,-0.22199354534008123,-0.9862211462542475,-0.15993636769549535
4.954954954954955,0.3850962824204671,-0.23750372474944442,-1.0101984131492756,-0.12048248915806219
4.97997997997998,0.38831870906142624,-0.25030757168333656,-0.9566901238859367,-0.10038912628469399
5.005005005005005,0.3443846121231223,-0.31910571408602395,-0.9726360426334123,-0.07677370995107291
5.03003003003003,0.37926694040721276,-0.30111887212824123,-0.9840741780810542,-0.09250205831453187
5.055055055055055,0.3387336465815021,-0.34417823520257873,-0.9869547542650415,-0.0625144475676114
5.08008008008008,0.3411370257209625,-0.3836949960097518,-0.9965420824617904,-0.028159298501909697
5.105105105105105,0.31837927299089464,-0.39348656654140896,-0.9791710337780665,-0.04071493418372513
5.13013013013013,0.30651921051368997,-0.39399735462363433,-1.0081205596258314,-0.043916555964274476
5.155155155155155,0.26802672634689867,-0.4461583400443457,-0.9840971212653905,0.012275338150746457
5.18018018018018,0.3180719819170933,-0.523760670769516,-0.9762293870299826,0.061922889647937046
5.205205205205205,0.2591730414631037,-0.5010121916916653,-0.9982383711401535,0.02871691585077361
5.23023023023023,0.2625714345819546,-0.48750037897678367,-0.9450692170888692,0.05562568565267589
5.255255255255255,0.2940057348315843,-0.5374683356884191,-0.9449878790716522,0.07603803844779689
5.28028028028028,0.24478632238220546,-0.5524702542679003,-0.9143423864323734,0.11029637098753112
5.305305305305305,0.21374686562156786,-0.5614446636859236,-0.9826318548590236,0.09863783677759762
5.33033033033033,0.23127172589374534,-0.6006682709890857,-0.9669226728255894,0.12365892225874389
5.355355355355356,0.20453425881406836,-0.6126526073265793,-1.0079612995058627,0.15143015727955564
5.380380380380381,0.1623758529920389,-0.669233168059545,-0.9667525519419913,0.15426009193159626
5.405405405405406,0.15188647863377946,-0.6423525221393486,-0.9884308750378742,0.15867508909815148
5.430430430430431,0.13734271814875154,-0.6778196803593445,-0.9516601509254758,0.16063104659292868
5.455455455455456,0.1463697563960816,-0.6928502604362369,-0.990380043104494,0.15532348215406414
5.480480480480481,0.11405950616084917,-0.7150391572205493,-0.9495736597756537,0.20736384781237083
5.505505505505506,0.10083485357801691,-0.7074437397320998,-0.9643590336697621,0.19762465789777361
5.530530530530531,0.05608949135296324,-0.7356438040726806,-0.9115445158666575,0.22528124648091083
5.555555555555556,0.009187865057352688,-0.7897577508123201,-0.9470931085874553,0.23529203012387734
5.580580580580581,0.03197304446398454,-0.7683750603883526,-0.9303463424158414,0.27965820993195445
5.605605605605606,0.0072123880906361185,-0.7990583873628588,-0.9079110304339667,0.23986157936698993
5.630630630630631,0.008811752576334878,-0.7916072410825133,-0.9135207509573212,0.3139134461257053
5.655655655655656,-0.03142709681921341,-0.7634647996665144,-0.9078784623460009,0.2678442662309102
5.680680680680681,-0.03785043066253688,-0.8363604442762689,-0.9109259723565097,0.31221813363989104
5.705705705705706,-0.0486466861231241,-0.8365830323914045,-0.8683955510023332,0.3379701036022233
5.730730730730731,-0.051763739599071906,-0.8219828694047221,-0.8528685017113916,0.28738985506391423
5.755755755755756,-0.10777931330356295,-0.8574589134455826,-0.8694956024198003,0.32340027938810595
5.780780780780781,-0.12585346277978562,-0.8091290289105656,-0.8667763192074953,0.352560676705002
5.805805805805806,-0.1484400421132808,-0.8510088150093787,-0.8545314239055628,0.3623339603842602
5.830830830830831,-0.1418853751579156,-0.8244143469313358,-0.839506611233702,0.37386350370670607
5.855855855855856,-0.20971530457246768,-0.863040228045962,-0.8177274031108986,0.3877152228103705
5.8808808808808815,-0.20405885688910064,-0.846550312513936,-0.8173485648952755,0.4023396230183993
5.9059059059059065,-0.22416023794248255,-0.8734573897739354,-0.8108840022063022,0.32727019864890516
5.9309309309309315,-0.24398607212648998,-0.9404423414165635,-0.8423230202287773,0.40207397673444945
5.9559559559559565,-0.2638061321856787,-0.8909154494998273,-0.8121745585435982,0.4272112787258325
5.9809809809809815,-0.3047433170563169,-0.8220610853780899,-0.7878854266128762,0.41432619458469955
6.0060060060060065,-0.284400741279182,-0.8626101054833292,-0.7976541202720437,0.4099373332564925
6.0310310310310316,-0.3390719105119557,-0.8898948934218402,-0.7723397858736034,0.40285451126922744
6.056056056056057,-0.3414164001405606,-0.8583362200292576,-0.7623606762147668,0.4207403257681416
6.081081081081082,-0.37688383753568405,-0.8421812928066462,-0.7660563744539487,0.40679646421667676
6.106106106106107,-0.3805708056506833,-0.8573169008578054,-0.7636421383277969,0.44086728529840813
6.131131131131132,-0.41456710491014054,-0.8733042734631031,-0.7198546687130616,0.450664408559045
6.156156156156157,-0.4373455944554866,-0.8227421142787856,-0.7415745612652332,0.4461349238672957
6.181181181181182,-0.47169010059748484,-0.836807042934103,-0.685038816975404,0.472261816525186
6.206206206206207,-0.4503372461663604,-0.7917090393828285,-0.6935312071674004,0.4524953534958817
6.231231231231232,-0.491234875692828,-0.8055277810905642,-0.6775436036476,0.4642850529954765
6.256256256256257,-0.5278408050986955,-0.8115841102251796,-0.677216352177761,0.46246406031631676
6.281281281281282,-0.5463938558296096,-0.7783517611344763,-0.6442487546096896,0.4438745188745639
6.306306306306307,-0.5508199530354874,-0.7648578822158354,-0.671035223647568,0.4814157834771299
6.331331331331332,-0.5951217792843939,-0.7919481736917973,-0.6559032776064088,0.43296357609299674
6.356356356356357,-0.6028746131048857,-0.749880076184458,-0.6303868516867268,0.4662137614586832
6.381381381381382,-0.6155597700610562,-0.7227976052393627,-0.6040952639328929,0.4662024955152765
6.406406406406407,-0.6825626680227027,-0.7202958594953796,-0.6445407967734905,0.454290684528953
6.431431431431432,-0.6581292061676614,-0.6751732459346094,-0.5658410166274661,0.45694941593444194
6.456456456456457,-0.6852432193152794,-0.6686618398732309,-0.5888305860603709,0.4518307465659493
6.481481481481482,-0.6722595299365519,-0.6710229995937949,-0.550867538245187,0.46401743856366645
6.506506506506507,-0.7273518923978852,-0.6211313510976011,-0.5417577897787041,0.45077109431737783
6.531531531531532,-0.7392850577195391,-0.6377927980964045,-0.5552781200198504,0.45750655829897535
6.556556556556557,-0.7584240255503782,-0.5911350964765831,-0.5582119261960468,0.44016122936940516
6.581581581581582,-0.7518640640536164,-0.5295568436743755,-0.5498395443158414,0.4709439080303435
6.606606606606607,-0.765260912398473,-0.548128535991586,-0.508915243278343,0.44733981759794583
6.631631631631632,-0.7849706610654341,-0.5045036457661113,-0.509481044033533,0.4577201660469052
6.656656656656657,-0.8078457239137062,-0.5113849477575412,-0.5109484334468019,0.44050285414423773
6.681681681681682,-0.7785238457757931,-0.48770801663061025,-0.48270008364338407,0.405142135476244
6.706706706706707,-0.8238716856855367,-0.49340728504965975,-0.48637601155242105,0.4277162433299036
6.731731731731732,-0.8041420498465693,-0.380191660165154,-0.46931617583917634,0.4473555623389375
6.756756756756757,-0.8362469048612515,-0.41368434635229484,-0.43851536458770385,0.415089216548626
6.781781781781782,-0.848863623677471,-0.39259426710772594,-0.46483556330814607,0.37792155475614175
6.806806806806807,-0.8472935978142432,-0.36324073473690754,-0.4386309402597914,0.40365898451018895
6.831831831831832,-0.8530722761373076,-0.3269162607283613,-0.42980181883922747,0.42247121235452256
6.856856856856857,-0.845313875979651,-0.29301415942594533,-0.3873206098331887,0.41701294915041087
6.881881881881882,-0.8615259620912947,-0.26259775783158457,-0.3850872788919983,0.3965777259352932
6.906906906906907,-0.9125989218338922,-0.2324606209194334,-0.4145833318319941,0.3640963091745912
6.931931931931932,-0.870389813636237,-0.2009155396442618,-0.34828945693216434,0.3681624471578086
6.956956956956957,-0.9245913573912764,-0.1934520708481054,-0.36672947571115266,0.3685982021988256
6.981981981981982,-0.8832266766951548,-0.16650001732999184,-0.35262889391150426,0.3404943983259009
7.007007007007007,-0.9005095480816375,-0.12958131596539746,-0.36573634700513036,0.3486361964201317
7.032032032032032,-0.9160705255106472,-0.10518306203484284,-0.30655869551567383,0.3443184774547296
7.057057057057057,-0.9193861214565237,-0.11166330787783582,-0.3512936908163257,0.3338208764985704
7.082082082082082,-0.929591835860097,-0.01184281910778165,-0.3283142552683882,0.3575181803397633
7.107107107107107,-0.9152487551120438,-0.00835414797640664,-0.3185823735174913,0.3243759370988561
7.132132132132132,-0.8819533545562508,-0.025002569739124923,-0.3488160536354534,0.30588292168085623
7.157157157157157,-0.9151210776691221,0.06575916192754401,-0.29149230196742487,0.301415267240478
7.182182182182182,-0.8933475263778582,0.10317638509191125,-0.2896341740243911,0.32062666896968445
7.207207207207207,-0.9058258333037345,0.1019750172202789,-0.2719145210056586,0.29579060229770904
7.232232232232232,-0.9080358237200722,0.17328153550736652,-0.32763963376618066,0.25737299982819367
7.257257257257257,-0.9278222062480771,0.16712940375001478,-0.2766627570330188,0.24768408010063553
7.282282282282282,-0.9190379627932624,0.18767311528553643,-0.21556854446646567,0.3059369518547494
7.307307307307307,-0.9020619343768751,0.22800566669828812,-0.28104622914205507,0.2237906654871905
7.332332332332332,-0.889897922925016,0.24556869772108356,-0.25330333219025825,0.22199196107476168
7.357357357357357,-0.8957782758816311,0.29857680106398365,-0.23802541073531,0.2543919273556713
7.382382382382382,-0.8991767645100329,0.34257586981508326,-0.2552959872207805,0.2507615700462184
7.407407407407407,-0.8644630904948347,0.3276011264065566,-0.23975619087806602,0.23750096351341318
7.4324324324324325,-0.8427356406032575,0.3816943398679991,-0.19713464354338964,0.2424722938858418
7.4574574574574575,-0.8501408815979122,0.4286101913766767,-0.18362871235709083,0.2537109374848197
7.482482482482483,-0.8588565376021108,0.4238494078951827,-0.18733552753221194,0.1855771272941744
7.507507507507508,-0.8493204035386889,0.46107770746196464,-0.20355194757196135,0.19701008965113148
7.532532532532533,-0.8237473383400469,0.4853589613862054,-0.221317070770052,0.17386818493204134
7.557557557557558,-0.7522732043077338,0.5324264362411103,-0.184637996487449,0.17417341852151885
7.582582582582583,-0.7881086833104952,0.539401216882803,-0.2508966462561126,0.14899861101832446
7.6076076076076085,-0.8064107865474178,0.5354079198330034,-0.21744259549792364,0.19577980760029315
7.6326326326326335,-0.7562331496783291,0.6324539997395939,-0.18116924708407636,0.17778248485598214
7.6576576576576585,-0.7578581841233613,0.6428418169406342,-0.1708452902358323,0.14358814803340147
7.6826826826826835,-0.7125083788850257,0.6688612189367211,-0.1926148861182653,0.1258049289455671
7.7077077077077085,-0.7306177928338985,0.683871036266292,-0.17145761209387,0.12570843399500464
7.7327327327327335,-0.6890312672100868,0.7175587176642049,-0.16217357495947837,0.16606445586098512
7.7577577577577586,-0.6460580483004342,0.7095081930006054,-0.13756649287173806,0.11805403849438165
7.782782782782784,-0.6321576838374555,0.7536348375221802,-0.17633868889965454,0.08635446965813817
7.807807807807809,-0.637383122867455,0.7431602713564477,-0.14575903568043225,0.1468762718705494
7.832832832832834,-0.6302429701211587,0.8017693272900439,-0.17676895985823796,0.0982086894789869
7.857857857857859,-0.5786415621504813,0.815628382561089,-0.12476580698555925,0.09558615133462146
7.882882882882884,-0.5534633275737775,0.8382827568404685,-0.14107690493382932,0.09096272532768859
7.907907907907909,-0.5532703421873066,0.8532055667971594,-0.17127769248674318,0.10805315556439278
7.932932932932934,-0.5176329339957889,0.8857937959268511,-0.12150584371185616,0.1189422372837106
7.957957957957959,-0.5160447971917262,0.8989981983519119,-0.1625242469828833,0.08581171735344283
7.982982982982984,-0.4980181865959415,0.9407423119483034,-0.14069758618380984,0.07662571013680493
8.008008008008009,-0.439217930145163,0.8809045058122437,-0.18627875613578945,0.09280378559357777
8.033033033033034,-0.4385587674464429,0.9444575147594515,-0.1706490591525187,0.07258838099900355
8.058058058058059,-0.3760078347563799,0.9702048070754296,-0.13894400141217408,0.06070928148762848
8.083083083083084,-0.39993311048388475,0.9245350141054501,-0.13548802319641393,0.08311417155545095
8.108108108108109,-0.3991934613950638,0.9664011081012329,-0.16217153299328105,0.04389370444842127
8.133133133133134,-0.3419490292663191,0.9495515023602528,-0.12518982957368863,0.07556097537778356
8.158158158158159,-0.32309914649037097,0.9523233448691337,-0.15592096106421263,0.08271647044606832
8.183183183183184,-0.3484392238431583,1.0047620775260802,-0.15816696121312673,0.07201991705345123
8.208208208208209,-0.28095089142123947,1.0286338706661902,-0.1218816590724956,0.09082235545070413
8.233233233233234,-0.24586721403186482,1.0359762561631674,-0.1615579315072816,0.07637802802497476
8.258258258258259,-0.23119246804811233,1.0241912993863767,-0.1310021554910683,0.020089530190524015
8.283283283283284,-0.1854188120153235,1.0607502452489863,-0.1234256445502679,0.01865482762354393
8.308308308308309,-0.16634433732794907,1.0612736411537187,-0.16559022346464203,0.028333285119513305
8.333333333333334,-0.12009738241480089,1.0558998058532385,-0.11854836229568827,0.0867263572446277
8.358358358358359,-0.1019277254918742,1.066749272077734,-0.07133362087514764,0.045281619222631984
8.383383383383384,-0.1008617278750287,1.064266936592898,-0.11552498512332365,0.03935900712520153
8.408408408408409,-0.07911647437029393,1.1030513896421414,-0.11651187209972544,0.03589812591970729
8.433433433433434,-0.013697995033151073,1.0548382164476362,-0.1268300848871951,0.06275487778960077
8.458458458458459,-0.031410367122481325,1.0632635532572916,-0.0822089701123049,0.06211337849046113
8.483483483483484,0.013314432379366817,1.0442832264524902,-0.12733450119146394,0.049305140150586915
8.508508508508509,0.03963706837563382,1.0699924936247611,-0.1524076948225192,0.07353206833472394
8.533533533533534,0.06587279959893111,1.0554759518167076,-0.13884743933390023,0.08508400633863702
8.558558558558559,0.12454713908519784,1.0624335343225824,-0.14510752636387741,0.07762290561734346
8.583583583583584,0.13376991735477695,1.0054802250558799,-0.11373598416985746,0.07116779275061108
8.608608608608609,0.16267919586909696,1.0345202027685332,-0.1057882071696253,0.09649081016103525
8.633633633633634,0.2017859397428356,0.9660757942145983,-0.11624200653117912,0.0671688482000944
8.65865865865866,0.16772995054301482,1.0168032417534378,-0.08310857100862395,0.052472160714126734
8.683683683683684,0.23478229760138455,0.9871757211340433,-0.11961512919695266,0.10778757030998168
8.70870870870871,0.242238025575092,1.004389091852738,-0.14158976608468465,0.11981254384727066
8.733733733733734,0.28990679520321755,0.9802386118283375,-0.0905311330271342,0.0589820199147386
8.75875875875876,0.3259759891291909,0.965255812175196,-0.10388116824657757,0.08223826449138101
8.783783783783784,0.3148687554794968,0.972591898129086,-0.09231345171878473,0.11027472345838221
8.80880880880881,0.35012512977276494,0.9550554041231398,-0.10330764797954547,0.14727249644459306
8.833833833833834,0.34240289755440667,0.9552477847631083,-0.06493220820470857,0.09133644107120945
8.85885885885886,0.4414274916058532,0.9343368350222719,-0.07008134176304981,0.11489906945652655
8.883883883883884,0.41517723460975653,0.8938137245825926,-0.0787550015604359,0.1485718602450525
8.90890890890891,0.44540662252669405,0.8625421534500998,-0.06698010998064081,0.1454240722978572
8.933933933933934,0.4766910124605517,0.8776625875785569,-0.0856257980355209,0.1151101947184888
8.95895895895896,0.467590869916361,0.8112564046351977,-0.07203658475095419,0.13893818576076025
8.983983983983984,0.4970323461532008,0.7653176435152776,-0.09811435234220135,0.17016137201228523
9.00900900900901,0.5129189081436454,0.8113780771669488,-0.09719287557405376,0.1838679297197472
9.034034034034034,0.5431942119231485,0.7889964842730848,-0.01888825846392294,0.19297510062508721
9.05905905905906,0.5592733862657175,0.7496759760546876,-0.06774799095556618,0.18059102934372956
9.084084084084084,0.5820798946308582,0.7313182369239494,-0.027530503978140376,0.1760407138934382
9.10910910910911,0.6483893081137764,0.7180821947783608,-0.01660408708741823,0.1935787577891627
9.134134134134134,0.6392876797244619,0.67820492882007,-0.06461698019797474,0.20389983113182913
9.15915915915916,0.6568331990561094,0.6693424005210857,-0.06829199041803899,0.17592980157862204
9.184184184184184,0.6249413560710729,0.608460593798557,-0.035183957592458445,0.23421081553803305
9.20920920920921,0.6690122015775484,0.573342060814627,-0.03578211146113782,0.21716421029006652
9.234234234234235,0.726358264190402,0.5636329277805665,-0.034154135369577704,0.26337214520318336
9.25925925925926,0.7079444909986249,0.5777822633477978,-0.01820003529342661,0.24480267606889863
9.284284284284285,0.7283408171594333,0.5236090459537098,0.0031435581333750153,0.21979524673774967
9.30930930930931,0.7325256553064605,0.5162267440691749,-0.02044168122869161,0.2559446931330807
9.334334334334335,0.7259927307967462,0.463669796463335,-0.00865648634401331,0.24354194411459512
9.35935935935936,0.7566906083129075,0.4341815186895278,0.01941867449656612,0.2512841680266463
9.384384384384385,0.749996814813148,0.4164272097281389,0.038678665990826706,0.2908686434927938
9.40940940940941,0.7674647957944366,0.4103158345282206,-0.022736965466733323,0.292794554322512
9.434434434434435,0.8213077361719556,0.37412644618450425,0.02823183227297256,0.31404757271860906
9.45945945945946,0.8082020258831114,0.3024142179103758,0.000929950149157123,0.31674001855411665
9.484484484484485,0.7841933679077465,0.3392643633036741,0.036212510982729755,0.28330210030724257
9.50950950950951,0.7805948907276424,0.22849743671093137,0.04600969708397414,0.32768074096299826
9.534534534534535,0.8041890258381601,0.2753731282089825,0.08307528044319358,0.33748134337724744
9.55955955955956,0.7759626773042672,0.2363141111757636,0.07886070199736964,0.3564903572346218
9.584584584584585,0.8435166685675856,0.17074415376239538,0.11681232042355924,0.3404878249602346
9.60960960960961,0.843352175730174,0.1302963488477016,0.06714959186056402,0.39932574171455354
9.634634634634635,0.826879130976754,0.1508057875193628,0.09984417197801825,0.37615701834958026
9.65965965965966,0.8623517354220841,0.09923074820727401,0.06907122631250433,0.3713727135908867
9.684684684684685,0.8483245589358877,0.08185434782503836,0.08315442582469597,0.382043238774746
9.70970970970971,0.8271416673612864,0.03666970947942449,0.09701322494829143,0.39295423509036304
9.734734734734735,0.8249303854333001,0.029530359781401557,0.1509734519696082,0.4114838126630924
9.75975975975976,0.8316419606588608,-0.01286472478761775,0.1289396908752681,0.40021640702001104
9.784784784784785,0.8199154544042235,-0.057975180254480445,0.13269923486763918,0.4350098689831892
9.80980980980981,0.8518123404362248,-0.1064588756441248,0.16738256519929096,0.43583622395546356
9.834834834834835,0.841812202499562,-0.1042056609187199,0.1489291610343959,0.42329218045583916
9.85985985985986,0.8326059376001783,-0.1123631721122194,0.14504424830133827,0.46358653767832125
9.884884884884885,0.8521231101707916,-0.16472336250075784,0.21186011331707086,0.4505580532132775
9.90990990990991,0.821541388828197,-0.2225078518120066,0.16569371974749714,0.491226087455962
9.934934934934935,0.7991195016264913,-0.2273004280266006,0.19676766882497587,0.45171529426674556
9.95995995995996,0.8095345079549974,-0.2605265017371227,0.24415793666821373,0.49629079393129566
9.984984984984985,0.8129305357202283,-0.2685244717551507,0.28043635071485634,0.47298392741507905
10.01001001001001,0.7982374943458806,-0.27759274074083057,0.28662883958288293,0.4727559582324296
10.035035035035035,0.7852427412855425,-0.29959522568970937,0.2841251217066339,0.5117009876812548
10.06006006006006,0.7786321478013907,-0.3604788659625322,0.2925154464553616,0.5090914386390131
10.085085085085085,0.7729845847038264,-0.37678371442941044,0.28613252345367773,0.5308532611035128
10.11011011011011,0.8223383368097356,-0.43892999898654045,0.3192655389906108,0.5107972803725614
10.135135135135135,0.7651990402800116,-0.4269501048276424,0.34125500253549773,0.555010627739756
10.16016016016016,0.7464911288049059,-0.42916287976910417,0.29249845131819197,0.5685085714145148
10.185185185185185,0.7385443646967811,-0.4535773149765448,0.3284796483750693,0.524973654528498
10.21021021021021,0.7217861200738442,-0.4981893373368541,0.3721496846333166,0.567850544239139
10.235235235235235,0.6708266965161567,-0.5004479684338926,0.38037542201579305,0.5463289112773165
10.26026026026026,0.6634283211040094,-0.5312784569773982,0.34575113554669346,0.5672816148702349
10.285285285285285,0.6492006099858271,-0.5610033216183086,0.40556697553676435,0.5812706326383512
10.31031031031031,0.6611516279267897,-0.5959856805085454,0.4118202288678452,0.5865530017992677
10.335335335335335,0.6606404127929056,-0.6091234956971491,0.4313012882287585,0.5326093443212837
10.36036036036036,0.6423997554284587,-0.6551737242022723,0.4652110384134623,0.569017980918134
10.385385385385385,0.6666299461123557,-0.6597869429745816,0.462324504201757,0.6045324959506695
10.41041041041041,0.626543413994531,-0.6687382112998488,0.4831081006810429,0.570350211943727
10.435435435435435,0.5917631757568907,-0.685023693781236,0.4911321934524246,0.5397090731259311
10.46046046046046,0.571838750972848,-0.6774764847750914,0.5026892362224288,0.540339901647068
10.485485485485485,0.5715433672841992,-0.6937891160454748,0.5070557175168513,0.5676054788836741
10.51051051051051,0.5040408142406572,-0.7353525459709919,0.5251676333087749,0.5979634892054739
10.535535535535535,0.5032117661600223,-0.7149538198317611,0.5395047826798546,0.5781282607238104
10.56056056056056,0.49480916246594203,-0.7223476755003184,0.5539113883477776,0.5410856603624437
10.585585585585585,0.4513426776975873,-0.7616229143668043,0.5539419463904055,0.5796964855013222
10.61061061061061,0.4507422312042191,-0.7137854630570973,0.5584530845362405,0.5741068606609799
10.635635635635635,0.418328069862713,-0.7805443111501009,0.6102782982370412,0.5216518872948868
10.66066066066066,0.42622925317983335,-0.7411150452956954,0.6125715156190651,0.5710613999504792
10.685685685685687,0.42239548975050495,-0.7900401320764926,0.6241487757804697,0.5176353111631276
10.710710710710712,0.3949427504414874,-0.7956969772863646,0.6295687663521868,0.5625441124278296
10.735735735735737,0.3505197364647317,-0.8097540740363792,0.6759189052485682,0.5296829052566014
10.760760760760762,0.3630776802646501,-0.8319663238675742,0.6644152525678284,0.5909234028790465
10.785785785785787,0.3445073109814421,-0.8059593912792408,0.6726298096201442,0.5374682455780119
10.810810810810812,0.30316863290322604,-0.8101294170169371,0.7032784353472533,0.5426017016544703
10.835835835835837,0.277095907724447,-0.8417561324313252,0.7082947679310138,0.5562515252742235
10.860860860860862,0.23365770078359346,-0.8178123434901615,0.7156221242335208,0.5345037862835729
10.885885885885887,0.23287671140456273,-0.7846467760879466,0.7553936088620817,0.49993692229458037
10.910910910910912,0.23370621798759392,-0.8289315916377779,0.7468087587824349,0.5259259052848082
10.935935935935937,0.19010951713052343,-0.7938985849019358,0.7557767474884981,0.5003297437405981
10.960960960960962,0.16653352633530644,-0.8204626182170806,0.8059901527328971,0.5179290612888505
10.985985985985987,0.1936530142986122,-0.7602728473341739,0.7759421245858614,0.49899440835327236
11.011011011011012,0.1158229421068924,-0.816741226133603,0.7963054729932605,0.4682677837522224
11.036036036036037,0.09832439072613892,-0.7987323862009338,0.7967137651453127,0.4976741896656843
11.061061061061062,0.0811672023716314,-0.7334148295637226,0.8239417478391782,0.4732930453955958
11.086086086086087,0.05394290166346073,-0.748354475987617,0.8670511032390591,0.46841708996391523
11.111111111111112,0.033430582579338515,-0.770253300104596,0.8336846500419958,0.48196216332873054
11.136136136136138,0.05727877700470483,-0.7636789876189917,0.8185887823660555,0.42289879417769
11.161161161161163,0.035811304643551464,-0.7315935470589585,0.9004440179155588,0.4002006370905251
11.186186186186188,0.009302588237547416,-0.724959131840364,0.855770150142181,0.4209846621316624
11.211211211211213,-0.009760903149475298,-0.7398710573464747,0.8622925539571218,0.4033654427989891
11.236236236236238,-0.03999726350942835,-0.7245859051703581,0.898178930371234,0.38939771215810737
11.261261261261263,-0.05214252246126932,-0.6997415450622994,0.9131771614355368,0.37809289255659095
11.286286286286288,-0.06706250990518237,-0.7331886163274011,0.9383198289601745,0.37395972053208365
11.311311311311313,-0.0853213937122299,-0.6609655889636153,0.8989238610478562,0.32184479441049907
11.336336336336338,-0.09747029737393206,-0.6649805719794165,0.9502641028182081,0.33910332675494176
11.361361361361363,-0.10609725829110182,-0.630109872778313,0.965091899295639,0.32983646861550253
11.386386386386388,-0.1775648067252926,-0.6165880571979141,0.9880619890589343,0.3343433440319796
11.411411411411413,-0.16860165803300536,-0.6010127713785259,0.9887090547770743,0.33872912268955724
11.436436436436438,-0.18368278753619896,-0.6008601487526737,0.993963481466697,0.29451293087301433
11.461461461461463,-0.20319632196242646,-0.5692291479411429,0.9977522889263752,0.2806573568475853
11.486486486486488,-0.19066861547086666,-0.5632562226746328,1.0225402461005484,0.24614948063635775
11.511511511511513,-0.220523159687721,-0.5378161140318071,1.0169773768553494,0.21922364280825624
11.536536536536538,-0.2481901021640558,-0.5581607248020979,1.0060975420859992,0.21156629827279672
11.561561561561563,-0.2423592855145278,-0.48298968120936164,0.9982738086036292,0.22308412072818584
11.586586586586588,-0.25280216437028225,-0.4610515563950372,1.0258781900952412,0.18892210834394324
11.611611611611613,-0.2617855115040089,-0.4313863986281742,1.0291186188565058,0.15891179570425756
11.636636636636638,-0.25633471222934334,-0.45123759466780267,1.0539761246088482,0.19122316378050191
11.661661661661663,-0.27410972307539555,-0.4032279118226316,1.0256144734073398,0.16801386727038864
11.686686686686688,-0.29719801674602725,-0.3780582993646037,1.0508929851009805,0.12673386882251664
11.711711711711713,-0.31138557018732504,-0.38265140208378323,1.0154097088529037,0.08476566222243162
11.736736736736738,-0.2931389103975688,-0.2982052234868165,1.0680323738957498,0.07202513036973832
11.761761761761763,-0.3012976403144257,-0.28121399088902743,1.032794391269257,0.08965159250006405
11.786786786786788,-0.36338899623426735,-0.2792757051288902,1.0226390805300996,0.07456678120945225
11.811811811811813,-0.3612611438917621,-0.24841814532408069,1.0659521529530087,0.0377507137480186
11.836836836836838,-0.3589441579795577,-0.27680039127449513,1.0412545766699939,0.02452476022071924
11.861861861861863,-0.3727512404508634,-0.1987933617637694,1.038271428621222,-0.0027002365614675373
11.886886886886888,-0.3576985665500944,-0.16040032472554588,1.0595826599792455,-0.0011991639157330745
11.911911911911913,-0.33844774467465605,-0.17884610660145656,1.0479878977242674,-0.013122688373458376
11.936936936936938,-0.36379185363294464,-0.12057900234591158,1.0311106264707195,-0.023386908125070244
11.961961961961963,-0.3462626236295037,-0.16118074384910872,1.0694655128636654,-0.11208012456621363
11.986986986986988,-0.37186245599789114,-0.05579937491639693,1.0378144933854172,-0.0980115333640596
12.012012012012013,-0.3829932577098886,-0.029186841858766008,1.0037914597763826,-0.06367071618053076
12.037037037037038,-0.3631320896531594,-0.04697178242754771,1.0281811780805492,-0.12414631224879882
12.062062062062063,-0.34495145350800616,0.01811498191351139,1.0026432518704795,-0.12939969362932816
12.087087087087088,-0.3791206101697394,0.05588568344164746,1.0067693580803219,-0.10673022066273416
12.112112112112113,-0.36144017355280456,0.03325419931473242,1.01653374399609,-0.17228126935416488
12.137137137137138,-0.3845226438650546,0.08476484342964383,1.0013933201940266,-0.21722369569314198
12.162162162162163,-0.3642213480404629,0.0730544058037297,1.006347172121979,-0.2090856021033922
12.187187187187188,-0.3709949133011584,0.1752117558153362,1.0175259142073914,-0.20318936081253502
12.212212212212213,-0.38539099624221246,0.14800205655956788,1.0152820843866106,-0.24567311132456282
12.237237237237238,-0.32734905720908186,0.162694405842901,0.9994009719727671,-0.25386837726080086
12.262262262262263,-0.3372319491602138,0.19935432869617198,0.9934397927365206,-0.2637004697811251
12.287287287287288,-0.34958158273183537,0.24700143001116395,0.9969354374995663,-0.2774331543424771
12.312312312312313,-0.33725325384985727,0.27805665443266464,0.9803454795615518,-0.2983172200590908
12.337337337337338,-0.3196834359077463,0.3205460337150373,0.9507382061170584,-0.2931349798481393
12.362362362362363,-0.3521655019632432,0.31508247478220675,1.0011233275038076,-0.3149212494028006
12.387387387387388,-0.30281561474506924,0.3232571999913745,0.9619169519531207,-0.34569942369736
12.412412412412413,-0.3132850718975895,0.35197703394023,0.9565410991932181,-0.371754673680027
12.437437437437438,-0.30445085294281377,0.35343038911220004,0.9512740188144039,-0.36103241996747576
12.462462462462463,-0.27388547111086226,0.42232539768463545,0.9357172345402459,-0.37939158702178305
12.487487487487488,-0.26208136655305664,0.4230781217732778,0.913464174471459,-0.35799424498285615
12.512512512512513,-0.26629536685416855,0.4329532356200303,0.9225082399057588,-0.4120267070818947
12.537537537537538,-0.27392265670321714,0.4895364632483821,0.9013249105971342,-0.4537986047138901
12.562562562562563,-0.21010792956227065,0.49983466327403253,0.8669389510251427,-0.41027114079158644
12.587587587587588,-0.20826541324588294,0.5067581630736592,0.9127025625430434,-0.4565714909877032
12.612612612612613,-0.20907696862783817,0.5127768822143955,0.8808584413263578,-0.463865355537713
12.637637637637638,-0.1948276460519498,0.528561684901945,0.8598058295081964,-0.48812045164544493
12.662662662662663,-0.2079450140672985,0.5326399865163097,0.8561666087358537,-0.5517664696340447
12.687687687687689,-0.16288680409926415,0.5695449752862332,0.8583634912503498,-0.5222698423832706
12.712712712712714,-0.13910740314331368,0.5874943816914242,0.8214956854972804,-0.5099937709479753
12.737737737737739,-0.14645073061282,0.6309662003374723,0.7860647394001158,-0.5308179436447836
12.762762762762764,-0.10326814519742612,0.6390963139765984,0.8306902653824448,-0.5635985260136781
12.787787787787789,-0.13346283325429048,0.6201097437166068,0.7917066842206325,-0.5496235691116484
12.812812812812814,-0.08765042876637133,0.6308618388772183,0.7796947384351216,-0.5949528223032002
12.837837837837839,-0.05000871776221461,0.7230020142092449,0.7572785642784492,-0.569290096727125
12.862862862862864,-0.0662335038068314,0.6413739189144326,0.7232295721617196,-0.6129133207675302
12.887887887887889,-0.06822183172541255,0.7229288224639284,0.7258277520301265,-0.5931676108584132
12.912912912912914,-0.02810517970553166,0.6950928571840761,0.7245102041230549,-0.6107103879976229
12.937937937937939,0.006287547982607432,0.7038516961568476,0.6829971458171319,-0.6470944841141093
12.962962962962964,-0.026062862818795194,0.7109034488436642,0.6753738006784513,-0.6531559569150164
12.987987987987989,0.030819498588284946,0.7247035351947223,0.6153204819298326,-0.653792332402003
13.013013013013014,0.057847708453157745,0.7379847867888132,0.6193676200278693,-0.639951820152081
13.038038038038039,0.08849846799397126,0.7515129275426946,0.6243502861334524,-0.6596812475942821
13.063063063063064,0.07394348455995145,0.7501608141219415,0.6137981838784858,-0.6445005318755493
13.088088088088089,0.10775757714243596,0.7611110824236819,0.5952641857272364,-0.6477240465437454
13.113113113113114,0.1412133257454691,0.7316694170307323,0.5405328062426932,-0.6384362785229512
13.138138138138139,0.14767109123961664,0.7155824544386513,0.5456008406920383,-0.659313279689319
13.163163163163164,0.15572683532351123,0.740827554857381,0.5709457357867869,-0.7006950875463794
13.188188188188189,0.16415821938924072,0.7555748227327869,0.5336685775950504,-0.6743730724040184
13.213213213213214,0.21714241771320497,0.7546769884085027,0.5184702812817058,-0.6935852041101088
13.238238238238239,0.21894041624367003,0.7512937541453564,0.4957106948980807,-0.6766007229142594
13.263263263263264,0.24750754107255188,0.7475447211280587,0.4578666338831488,-0.6938973543477528
13.288288288288289,0.2544888176066578,0.7471223098019962,0.500745668066282,-0.7084740315616496
13.313313313313314,0.2820428950235473,0.7603095380034451,0.4410780925457883,-0.6535382107295703
13.338338338338339,0.28446476708820695,0.7401903580925033,0.40559300072051496,-0.7091715185803321
13.363363363363364,0.3152903609766089,0.74449392674537,0.41036150772705815,-0.6783550713921872
13.388388388388389,0.3265335150698866,0.7138800722075201,0.440440475250849,-0.6966008789632497
13.413413413413414,0.33197680072351426,0.6986964103159407,0.34987019346664777,-0.6862563361757299
13.438438438438439,0.35680259955572424,0.7062971257830581,0.3498096313329088,-0.690416123552054
13.463463463463464,0.3646469106246224,0.6725248464263035,0.3379258312995431,-0.6926439383695282
13.488488488488489,0.40547006430340204,0.6672611028398269,0.32936473021576534,-0.7187195601885925
13.513513513513514,0.405350541426324,0.6531226615503279,0.32423933122052495,-0.6899187648688456
13.538538538538539,0.44454590554440804,0.6846463313522152,0.3369070841847237,-0.7350861858820759
13.563563563563564,0.43402490587706233,0.6342398689189236,0.24612316230572556,-0.7203417895481117
13.588588588588589,0.458806614673843,0.6082664627907113,0.25238397967458276,-0.6952233863365812
13.613613613613614,0.4900678239220765,0.6279760822013228,0.24035544728583638,-0.7007766926380535
13.63863863863864,0.5381378898326463,0.6069357235017605,0.1737367359734239,-0.7099966724503076
13.663663663663664,0.47577316756839405,0.5862376754885248,0.19133059086064969,-0.6955537261277923
13.68868868868869,0.5652510337759135,0.5797493566857793,0.19116811666528505,-0.7006444467287332
13.713713713713714,0.5190610436774682,0.5516367455880323,0.16309482082664958,-0.7145953472421219
13.73873873873874,0.5489928891564597,0.532583444101925,0.13843901141626003,-0.6887984578307276
13.763763763763764,0.5548890523876676,0.509455630790283,0.12779363266993093,-0.6551191154000569
13.78878878878879,0.5998857075574716,0.48710592051049123,0.10022781185520165,-0.652776605362783
13.813813813813814,0.6025653816053888,0.46363873911721826,0.10867892172678845,-0.6358912994436591
13.83883883883884,0.6277366771554115,0.48657016108400275,0.05921860136128073,-0.648805210669856
13.863863863863864,0.6131415676887527,0.42709641686789257,0.047402021812971755,-0.6720501430048827
13.88888888888889,0.6252258660806365,0.3911407957773781,0.046120497809707284,-0.6511400441800516
13.913913913913914,0.6112637434786865,0.3880631707831803,0.03161367835193752,-0.616267623916882
13.93893893893894,0.6862729568965404,0.3652356066363724,0.022680817490953555,-0.6416819598768614
13.963963963963964,0.6255168168678493,0.36712700432415474,-0.02090936286372351,-0.6329802997293644
13.98898898898899,0.6585597867922833,0.30894041476199846,-0.03570417960086322,-0.6098748789704296
14.014014014014014,0.6913912342219682,0.2694173202747486,-0.060529818091905274,-0.5763111989395695
14.03903903903904,0.6834750622426404,0.24746520361649563,-0.07908303093993788,-0.6011674440743127
14.064064064064064,0.6787128492598468,0.257099742474973,-0.0827288898209962,-0.5788123465224978
14.08908908908909,0.6988296939454347,0.15967139141927938,-0.055646831634113866,-0.5913640331326945
14.114114114114114,0.6968189529207443,0.18536837721382066,-0.06871766349786901,-0.5470469463131908
14.13913913913914,0.6468088860072958,0.13753289805036825,-0.10148772642148492,-0.5520842157397738
14.164164164164164,0.7073977184277882,0.14149402210451453,-0.10567519212348879,-0.5423696838937657
14.18918918918919,0.6637171914582771,0.088788728592654,-0.12285387269870623,-0.5495848602571569
14.214214214214214,0.7153686702915567,0.08800068269707739,-0.14172046406084982,-0.5785473393577263
14.23923923923924,0.6785754022224697,0.0792635157069537,-0.1679999346532285,-0.5462666066318215
14.264264264264265,0.7295255404714119,0.013316133740483311,-0.14751210377616794,-0.49018494661713236
14.28928928928929,0.7139600594123164,-0.008348968435441457,-0.1679291007109465,-0.43915658760426723
14.314314314314315,0.7234583368061704,-0.0760112112205995,-0.18493597733666892,-0.45070977899507525
14.33933933933934,0.7266195602430814,-0.08183834944055873,-0.18227952756047366,-0.44368437699848007
14.364364364364365,0.7518189444411366,-0.11728397660606567,-0.22715129964130595,-0.4569396569617058
14.38938938938939,0.6876414086675054,-0.14910712262343445,-0.28339444344678866,-0.4479801853752456
14.414414414414415,0.7011837311258278,-0.17020811112666048,-0.20028115610574646,-0.4273911664161402
14.43943943943944,0.7152413632201875,-0.1841355203270845,-0.23301642737311234,-0.41036263646757326
14.464464464464465,0.7116949858666917,-0.21721775652056294,-0.2498839653554952,-0.3968386455746904
14.48948948948949,0.6727279731494833,-0.23913097180926965,-0.2250848569443112,-0.39773289105841797
14.514514514514515,0.680335598790541,-0.25085972447233723,-0.25663681840427255,-0.3802048377354183
14.53953953953954,0.6170124975459456,-0.2943257860023999,-0.3332027935547322,-0.33912193441086785
14.564564564564565,0.6600889626649442,-0.31314011586283325,-0.3159284183924981,-0.387632341237968
14.58958958958959,0.6532236850605878,-0.3620781515552073,-0.3164910201661999,-0.34294313138315186
14.614614614614615,0.6939617422056511,-0.37275649442399905,-0.2941453341861868,-0.3158170291960711
14.63963963963964,0.658108180751108,-0.42102771968854075,-0.36440701778710005,-0.32454466291684114
14.664664664664665,0.6339679733866346,-0.464110108658601,-0.33471757889298326,-0.32271570164471003
14.68968968968969,0.636304237764874,-0.4568917640487156,-0.3257408087869452,-0.28459817107897994
14.714714714714715,0.5933735328419454,-0.49474634568478215,-0.3697607843616198,-0.32896366673063576
14.73973973973974,0.584308604532675,-0.5186551125895846,-0.32886290471307666,-0.24207957015951032
14.764764764764765,0.5992388590240934,-0.5711252126540728,-0.3667920539500881,-0.25224983827168107
14.78978978978979,0.6043628873431879,-0.5471568577927194,-0.34376694057053314,-0.2580530974338891
14.814814814814815,0.5213119533448191,-0.5861114045036917,-0.3942882255024006,-0.24360908821718125
14.83983983983984,0.5213087243314625,-0.5946714678081696,-0.38520375006445545,-0.276282041059366
14.864864864864865,0.5177113107007292,-0.6646330241838173,-0.38280966059369514,-0.21801276042834605
14.88988988988989,0.48556954207480724,-0.6584252140520778,-0.4195929940954047,-0.21553656459396223
14.914914914914915,0.48756257643445644,-0.7095241006380266,-0.4261097243817085,-0.18088963597688043
14.93993993993994,0.47861345319918736,-0.7205585944202192,-0.4378766820671242,-0.16936328721371216
14.964964964964967,0.40467026672571754,-0.7352804636574392,-0.4208675844774946,-0.19606927759175094
14.989989989989992,0.41020878617515855,-0.7662778376313597,-0.4201976970424578,-0.1506662528816526
15.015015015015017,0.39078342477909683,-0.7634980471418482,-0.4056265582114253,-0.16614719609138803
15.040040040040042,0.3625396399996891,-0.8358538550080888,-0.4091179363536474,-0.1492410665533312
15.065065065065067,0.31208143974143265,-0.8327106333791556,-0.43638700817542997,-0.10079590249255727
15.090090090090092,0.3046680029201213,-0.8691850849838413,-0.399357103192267,-0.09555026450851814
15.115115115115117,0.3025719923500072,-0.8706105863729479,-0.4121839108788806,-0.15982829296490986
15.140140140140142,0.2585647432791234,-0.880423920562955,-0.39623061450366565,-0.11283482166995229
15.165165165165167,0.2757127229391015,-0.8681847443483971,-0.3875841593269274,-0.10673240799793955
15.190190190190192,0.25087099996971624,-0.8696637260710818,-0.46243902585259156,-0.06596815147760116
15.215215215215217,0.2079839583803572,-0.9184756712812618,-0.4389066945785742,-0.09726094464190546
15.240240240240242,0.18548037633942457,-0.9285769274213431,-0.4159953985648834,-0.07254013221514441
15.265265265265267,0.1830076559996928,-0.9354063266767683,-0.4569897172954187,-0.04726681531735185
15.290290290290292,0.17414765444018313,-0.90661195320906,-0.446536719223052,-0.06361457281260822
15.315315315315317,0.1490098735941448,-0.9532736267942519,-0.4509868187622747,-0.05519156970360963
15.340340340340342,0.12005956735113228,-0.9962825878185879,-0.4495864993134247,-0.03830067648744131
15.365365365365367,0.10452132098771791,-1.0009903635978712,-0.47914185226162215,-0.07168289056913221
15.390390390390392,0.034561936936139404,-1.0234108070641097,-0.4461397468002446,-0.05068612875432933
15.415415415415417,0.020647910994002573,-1.0199500404928565,-0.45245362734104017,0.005680201874457669
15.440440440440442,0.02272327656418171,-1.0105296137885817,-0.4533101602616783,-0.02360388618646557
15.465465465465467,-0.009327382125483535,-1.0046078881852853,-0.462546130764124,-0.008690779450384392
15.490490490490492,-0.08200555696066646,-1.0165444122445457,-0.429320770776882,-0.009818173066812836
15.515515515515517,-0.030633808528344658,-1.0419333821113987,-0.4402586785485404,-4.797996377088501e-05
15.540540540540542,-0.09463778863444999,-1.0291626433296395,-0.4423908728210338,0.022192091888485508
15.565565565565567,-0.0907967689102927,-1.0285226123555289,-0.42804195342170137,-0.004561166387586394
15.590590590590592,-0.12877999867234058,-1.0443498343042965,-0.42224830277670605,0.05760326982363523
15.615615615615617,-0.17229207984038397,-1.07262243829394,-0.4546422636040456,0.04161783452072945
15.640640640640642,-0.18451953522678202,-1.0224832238062516,-0.42304099920358085,0.029931862125599132
15.665665665665667,-0.19691229403434188,-1.0067915209207703,-0.4122363794782658,0.03035314697551876
15.690690690690692,-0.22877809951304007,-1.0280708304416555,-0.45408629942015033,0.05991877613975617
15.715715715715717,-0.2680821916796393,-1.001611006324369,-0.4389078630048278,0.016331276457991782
15.740740740740742,-0.29759194907743597,-0.9838043502231786,-0.4295505292185376,-0.004217131664607354
15.765765765765767,-0.32738005088317573,-0.970733511018681,-0.44415920467636716,-0.004372911871830358
15.790790790790792,-0.31031199949504323,-0.9856314994497836,-0.4404748825778987,0.02550764130776337
15.815815815815817,-0.35143418881794786,-1.0020700491310812,-0.41527238661373284,0.044756055593398916
15.840840840840842,-0.3928826134932411,-0.9793294401299221,-0.4408793588207198,0.05548014041586581
15.865865865865867,-0.43954144522741306,-1.0047541569103107,-0.4242212714160713,0.0475289366217299
15.890890890890892,-0.43682816650255185,-0.9533127847774914,-0.44204648080531256,0.050675301983581306
15.915915915915917,-0.4712596150221068,-0.9594472835063831,-0.44100247223782973,0.07504795514742543
15.940940940940942,-0.528657762894364,-0.9270440120262023,-0.4674869610739844,0.03187181683132563
15.965965965965967,-0.5259124584776159,-0.9651842876741901,-0.4252829028316732,0.025533006880170465
15.990990990990992,-0.5821554521010439,-0.8922585085281719,-0.40354878070713635,0.06173402831127864
16.016016016016017,-0.5555515652565501,-0.8928309921129478,-0.40490480461497974,0.06408237125573035
16.04104104104104,-0.5622252084824363,-0.8964361642156154,-0.42670116288645327,0.03743882317500088
16.066066066066067,-0.6428402771317498,-0.8512381554998837,-0.3845766085246087,0.039377281984964235
16.09109109109109,-0.5984958504396648,-0.8391703270784758,-0.43086448560243734,0.0318562668871911
16.116116116116117,-0.6651414182386329,-0.8435081257706148,-0.40349986374225255,0.04905849529818288
16.14114114114114,-0.6890326075922663,-0.7854956820097267,-0.4300598637491156,0.025523801073070364
16.166166166166168,-0.6798972229293888,-0.7648298228032621,-0.4262364231572972,0.043788991658432225
16.19119119119119,-0.7022911519768777,-0.7513523601465472,-0.4442079385959851,0.055366484793125566
16.216216216216218,-0.7179291123061535,-0.7279740243758482,-0.45944625490076796,-0.007896152923596305
16.24124124124124,-0.7208647445063743,-0.7141942207112449,-0.46539191963121723,0.025453200991020844
16.266266266266268,-0.7742282481693163,-0.6687260771693375,-0.4288065401683936,0.004684177700481469
16.29129129129129,-0.7569203674825228,-0.6912678198123597,-0.44694555122162166,-0.007655679061637178
16.316316316316318,-0.7805034676854515,-0.6756697714591504,-0.4605987394278735,0.008223308882134522
16.34134134134134,-0.8250390573842251,-0.6320239430404871,-0.46463946529567174,-0.026556725638098633
16.366366366366368,-0.828433624194193,-0.5801168362060742,-0.44331375352727104,0.015252990443534516
16.39139139139139,-0.8566321526263061,-0.5863744231675988,-0.39765324555996057,-0.018764575129258644
16.416416416416418,-0.8679826390909052,-0.5492726954766666,-0.40197995414133375,0.0010589189000904248
16.44144144144144,-0.8866085274245066,-0.5199719898658007,-0.42801328428897256,-0.053423450738108606
16.466466466466468,-0.8840340137292892,-0.4914930765599561,-0.407925123024205,-0.015135642049196884
16.49149149149149,-0.9014576837749547,-0.46790535984067216,-0.4184979294492009,-0.0567150215232022
16.516516516516518,-0.894348513651024,-0.4369897994412363,-0.4523711930052364,-0.0700061618719175
16.54154154154154,-0.8877124113855911,-0.4095725879588343,-0.4015237148657414,-0.06712066809267699
16.566566566566568,-0.9206367267458249,-0.3294391398312334,-0.4569771118675521,-0.10089220345236066
16.59159159159159,-0.9098025080108477,-0.3643426871950772,-0.43789569067602224,-0.08084067035114956
16.616616616616618,-0.93850276335194,-0.33702600917608266,-0.44288848150676524,-0.06639964501956178
16.64164164164164,-0.9716148743465117,-0.30195064005195693,-0.4482034249044794,-0.11032186728111697
16.666666666666668,-0.9667270557350064,-0.25526182877502557,-0.45137256643560425,-0.09358725463482186
16.69169169169169,-0.9647397242447172,-0.24022703201288714,-0.4318473582234424,-0.06590738985369379
16.716716716716718,-0.9789288866602853,-0.1866989037033607,-0.45291036042352767,-0.09382591134004224
16.74174174174174,-0.9428547987349561,-0.15536756680576616,-0.48619899391835125,-0.09859427764770468
16.766766766766768,-0.953268311290183,-0.13898879110600743,-0.4335945709286506,-0.12803314883116917
16.79179179179179,-1.0106149944791922,-0.10065897338387149,-0.4915775498170826,-0.12558926813401053
16.816816816816818,-0.9573675425246542,-0.11054371696685665,-0.4851428958824145,-0.14799208061438038
16.84184184184184,-0.985791418173236,-0.04850081628455834,-0.43483908984023945,-0.1148048336676955
16.866866866866868,-0.975260341217325,-0.007115129732524757,-0.4583894136015196,-0.1576427845367187
16.89189189189189,-0.9678829907286607,-0.0011444175405789098,-0.453141121123517,-0.12315080232031081
16.916916916916918,-0.9798931777061636,0.04863060976542661,-0.4655984059242017,-0.21052194231620033
16.94194194194194,-0.9763724885661043,0.080849210117309,-0.4785329376546171,-0.14551452046230512
16.966966966966968,-0.9814469418835815,0.09114551831138033,-0.4844222722462559,-0.16457164761650458
16.99199199199199,-0.9744171149754988,0.1478624255013676,-0.46503670580681783,-0.1938334056955079
17.017017017017018,-0.9692006966737465,0.20090728359152213,-0.5248998714932235,-0.17461056776036787
17.04204204204204,-0.9796610020844593,0.19795885933468804,-0.5128384081251589,-0.18757467951520448
17.067067067067068,-0.9256127514596294,0.21009826513437124,-0.5228172258096249,-0.21608055012550773
17.092092092092095,-0.9216262823038642,0.25587328422905214,-0.5047655326513243,-0.20382250886741357
17.117117117117118,-0.9680596367954759,0.28983995215601327,-0.46005709051643473,-0.17350611928513854
17.142142142142145,-0.95849434799967,0.33657763025963217,-0.530959366058438,-0.24230031486990203
17.167167167167168,-0.9125865318404496,0.37554246792482726,-0.4986485293699356,-0.22142962357396195
17.192192192192195,-0.927139755609654,0.39565304745192315,-0.5171097439862656,-0.22498771995283973
17.217217217217218,-0.9463097975992136,0.41082683720191615,-0.5088544354397039,-0.24596222573427004
17.242242242242245,-0.8905849196960209,0.4426185064260469,-0.5210466872050812,-0.20926901216296082
17.26726726726727,-0.9060004695423164,0.4306063202065416,-0.5524500607501592,-0.21341654815539995
17.292292292292295,-0.8910339707947945,0.4755152485947396,-0.5840463725709989,-0.20041938038508011
17.31731731731732,-0.8511070414883122,0.5307112281355496,-0.5342086712433863,-0.22798444563729198
17.342342342342345,-0.8592936763585272,0.5373961967839286,-0.5681566000499232,-0.19063374262239055
17.36736736736737,-0.829447310992853,0.5561696053287102,-0.55642980234406,-0.26711041184277523
17.392392392392395,-0.7960214591442273,0.5763899455661774,-0.5619384910287875,-0.22888361465369989
17.41741741741742,-0.8033653775583003,0.6150342850480537,-0.5780441837648471,-0.2543791789931576
17.442442442442445,-0.8069630968971357,0.6270335576588187,-0.5550413223531209,-0.2581970124224017
17.46746746746747,-0.7949493317655131,0.6478980421472897,-0.5690646100863622,-0.24501077136871072
17.492492492492495,-0.7512842324030352,0.674575128105978,-0.5861025703345717,-0.2736037189679233
17.51751751751752,-0.7504113962690026,0.7199031030352396,-0.5866336882240074,-0.28228583063530044
17.542542542542545,-0.7445471086103532,0.7227223009869508,-0.5761901839242843,-0.3025725127999846
17.56756756756757,-0.7035953167762844,0.712309088727092,-0.6300295761818426,-0.27285501188646
17.592592592592595,-0.6988247105421714,0.7476576685036942,-0.6238576781318818,-0.27726200209367124
17.61761761761762,-0.7004631274155921,0.7916388535220837,-0.6156240218427427,-0.2503629607355173
17.642642642642645,-0.6823950983458005,0.7989150995429026,-0.6238542143873108,-0.28819340027621526
17.66766766766767,-0.631350903174187,0.8066781018461404,-0.6072275420150152,-0.22909030829732183
17.692692692692695,-0.6443839120632934,0.8741050016720133,-0.6690678977839081,-0.24764055777763258
17.71771771771772,-0.5708789889047357,0.8186778162476378,-0.6475784258977005,-0.2687367538570142
17.742742742742745,-0.5580458987229273,0.8566990731246373,-0.6401763536542184,-0.2640641150598687
17.76776776776777,-0.5510068717665633,0.8866174092519457,-0.6591248405448584,-0.24957192985797622
17.792792792792795,-0.5391536132624335,0.8555064383885771,-0.6886782712774584,-0.2749072604018156
17.81781781781782,-0.4880685089006158,0.90674155044338,-0.6869700701906819,-0.23179850034372768
17.842842842842845,-0.45409462473757733,0.9019851245323797,-0.706792544417224,-0.22647607362225078
17.86786786786787,-0.46011978672003495,0.9086122948803939,-0.7035686402808037,-0.27298448037712886
17.892892892892895,-0.4654947679363768,0.9267872190177424,-0.7187919029516661,-0.19083952436003165
17.91791791791792,-0.43487648740153156,0.8960855165925675,-0.6991848412208296,-0.21792023330414015
17.942942942942945,-0.3887302877331685,0.9388382118852571,-0.7524295378794049,-0.2581668461874937
17.96796796796797,-0.3882191513852126,0.8947049590235626,-0.7192880236790131,-0.2852163276584396
17.992992992992995,-0.36979696506249965,0.9261232644302375,-0.7442112612744987,-0.22780751350814837
18.01801801801802,-0.3137529420587177,0.9580505768724811,-0.7183754739027556,-0.20792819830719442
18.043043043043046,-0.2963435973894309,0.9485960544595341,-0.7289009837079603,-0.2225534799530168
18.06806806806807,-0.28064289667328324,0.9372741017289822,-0.7610518774189861,-0.21123076770794896
18.093093093093096,-0.2509501116227942,0.9311003151130122,-0.7633672644461278,-0.237783254709559
18.11811811811812,-0.20586468640946526,0.9454230749659531,-0.7726431388376428,-0.19095395458203865
18.143143143143146,-0.21304694484488346,0.9142562358589208,-0.7400615282874164,-0.21105611273346284
18.16816816816817,-0.18646092373718787,0.9407974787840799,-0.7425581037034709,-0.1927449153894316
18.193193193193196,-0.17878244107122665,0.9474956620429666,-0.7798497590922024,-0.14786389479798867
18.21821821821822,-0.13143537624127988,0.8876237767717102,-0.7675500667212988,-0.13885576247281803
18.243243243243246,-0.07662657515027584,0.9637185567643957,-0.7994385511556572,-0.15128245539861854
18.26826826826827,-0.09945920468374458,0.9254363452081498,-0.8086383104999889,-0.17384905504662837
18.293293293293296,-0.07558393017976796,0.9318573081222061,-0.7710821921859017,-0.14651924000260286
18.31831831831832,-0.06629524987948916,0.8996830419045974,-0.8057091996990425,-0.12542407265779498
18.343343343343346,0.006838361873626929,0.9181775319347376,-0.8093462512066483,-0.18804184974995664
18.36836836836837,-0.02973604790408967,0.9157320337878186,-0.8054785064809886,-0.13837669663404495
18.393393393393396,0.06052998003663025,0.9019803065785246,-0.7999245331731613,-0.11902484979415533
18.41841841841842,0.04683173410540924,0.8697390886971504,-0.7711133796818705,-0.09419211087038294
18.443443443443446,0.08549340222323136,0.8762551489550542,-0.8289417099954799,-0.07672586805890942
18.46846846846847,0.08626163413848678,0.7893919100543613,-0.8502709997713709,-0.1010713260514988
18.493493493493496,0.12361821423626221,0.8280198634740463,-0.8058979400655361,-0.03028779274489371
18.51851851851852,0.1080930876702414,0.8104279456299464,-0.8050853625896612,-0.07234957780555183
18.543543543543546,0.1541431997944334,0.7634305776373351,-0.784268971142472,-0.059301905610896155
18.56856856856857,0.21390782067601208,0.7784715869969457,-0.7928965713537877,-0.034517827924896605
18.593593593593596,0.1919506448118325,0.7503896964893615,-0.8117567574139416,-0.014619540778578301
18.61861861861862,0.19573027698286216,0.7417962270098395,-0.826707600555139,0.037731190263643605
18.643643643643646,0.22801716028988656,0.7567268876229574,-0.818463235105355,0.009876706893268822
18.66866866866867,0.22130993052101186,0.6977256293743184,-0.8100582639028626,0.04958985685898644
18.693693693693696,0.269614663360404,0.714528149886754,-0.8008400237901965,0.06381229088899479
18.71871871871872,0.280928131697729,0.7142094880205119,-0.8224103911592484,0.029534771362850844
18.743743743743746,0.2743224514360605,0.6919649136249785,-0.7950185852636583,0.05197593677828461
18.76876876876877,0.3393840471322912,0.6374498456368883,-0.7704425319504369,0.04167972496897428
18.793793793793796,0.32442762506637535,0.5922340636047576,-0.8472442964370279,0.10799348739190505
18.81881881881882,0.3390955046074352,0.5935278041542498,-0.7582246075143049,0.09403377844215552
18.843843843843846,0.35027322171284125,0.557847202721027,-0.7829644557756272,0.10422564350074204
18.86886886886887,0.3596816504546765,0.5528708698860395,-0.79206233171048,0.08926432297226378
18.893893893893896,0.3607975862225351,0.5375462699034097,-0.7881553295205579,0.1296396798773619
18.91891891891892,0.3942905699006598,0.4831494034330039,-0.7776680724283908,0.13255657793480852
18.943943943943946,0.39265147485769747,0.46330333796339107,-0.7901956563912913,0.18609845456249818
18.96896896896897,0.39602061004527916,0.43957098412443363,-0.7618085222700219,0.19942572638118602
18.993993993993996,0.4338928630840794,0.40474813738147647,-0.7954013921049378,0.20335346541298488
19.01901901901902,0.4661558676272271,0.3782047790249611,-0.7911858254343166,0.21011577839754214
19.044044044044046,0.45417354230452817,0.34674599390479155,-0.7579888387881626,0.2456351655752484
19.06906906906907,0.4764677952155563,0.35605930743526726,-0.7417015750862918,0.23174834512604275
19.094094094094096,0.448479736278019,0.2992152389559737,-0.7641840195493189,0.24294558066936972
19.11911911911912,0.46490421834433227,0.26418367776955626,-0.7617567082669915,0.27468627404244
19.144144144144146,0.5038154259142249,0.25043288464815777,-0.6916601826697766,0.29969987688037253
19.16916916916917,0.4802703224466269,0.2191662466378804,-0.7283607291180136,0.32026683211177154
19.194194194194196,0.5327448771134735,0.17470440929910133,-0.7083220032582778,0.330959844958206
19.21921921921922,0.4642391662560708,0.17947436394287555,-0.6917818523288278,0.3248620517137191
19.244244244244246,0.4992428116516227,0.10195585212899842,-0.7335621220260303,0.37811119867425436
19.26926926926927,0.49316263132321314,0.08667306835974882,-0.6946702868972257,0.36177828455292427
19.294294294294296,0.4954530794586602,0.09603613970778031,-0.7129913913266055,0.3691126868845571
19.31931931931932,0.5096394834629906,0.07308322426482225,-0.6551167073763136,0.38881641134931294
19.344344344344346,0.5263051203387806,0.010533057016123774,-0.6331074389637166,0.3942307843613998
19.36936936936937,0.5344404505355846,-0.014287038946126542,-0.6187498283330796,0.4433988493137993
19.394394394394396,0.48718046288437383,-0.03883909667686672,-0.6324089100791501,0.4671560611630806
19.41941941941942,0.505036812620858,-0.05457182890342478,-0.6215214499925591,0.46312131005754475
19.444444444444446,0.4788563078028732,-0.0985988699966807,-0.6202841685251842,0.49901561064755195
19.46946946946947,0.5346515674069019,-0.093397227156258,-0.6071850932021522,0.503728445682451
19.494494494494496,0.4859386728254896,-0.13844546477645323,-0.6170086725578698,0.47763636537113424
19.51951951951952,0.5022294545850966,-0.15777908168294352,-0.5740238085068675,0.5271927442357015
19.544544544544546,0.49604663902531043,-0.17615219054743309,-0.5755421255193666,0.5379754154680456
19.56956956956957,0.4716648375240862,-0.20534381380478123,-0.5478979854543036,0.5295465413648295
19.594594594594597,0.4815859363598163,-0.2502935770553482,-0.5580463885729878,0.5334275589752712
19.61961961961962,0.4996035601982332,-0.24119397554860697,-0.522695603813732,0.6081075148042561
19.644644644644647,0.46362940011706244,-0.22613396632807214,-0.5236073724433634,0.5862446693192878
19.66966966966967,0.45198345465881573,-0.3031329262251625,-0.48764812295717036,0.591067934539709
19.694694694694697,0.4874081779430488,-0.32912917571682687,-0.483952427257288,0.587088745872634
19.71971971971972,0.45160087118820563,-0.35942228227666123,-0.4862339403710384,0.6013675880484173
19.744744744744747,0.4874585133269994,-0.38431262614907064,-0.48762865691174767,0.6142561733351957
19.76976976976977,0.4232330184371769,-0.38985835941695923,-0.43153337355533505,0.6527610425535945
19.794794794794797,0.4010712049394153,-0.41515490878819467,-0.4440194231801055,0.6375184065772731
19.81981981981982,0.38479589428453653,-0.466303681577557,-0.3888198223979911,0.6740304079240204
19.844844844844847,0.4113579662531622,-0.46169943458226137,-0.3779190056115806,0.6350340049770292
19.86986986986987,0.3972697664310128,-0.47824882630557664,-0.36401824261160104,0.6875072124656113
19.894894894894897,0.3479754317146368,-0.5303921265539832,-0.3736699103746487,0.7004883146045097
19.91991991991992,0.368768952576224,-0.5457444503913789,-0.36169153673606463,0.6836360039154519
19.944944944944947,0.33463109313614225,-0.5628754078168786,-0.3529330637582693,0.6901938756095031
19.96996996996997,0.329889715532586,-0.5757707028672636,-0.3090219682661297,0.7359425450503491
19.994994994994997,0.2881122164924529,-0.5720697262337969,-0.268225854014484,0.7141503494627284
20.02002002002002,0.28827211613129733,-0.5596932096462361,-0.2766713623167699,0.7519458009677767
20.045045045045047,0.29355625966539584,-0.6040662463122712,-0.242601282704456,0.7431940273951436
20.07007007007007,0.29027941200977964,-0.6216308524235626,-0.23285055557041365,0.7420661834679926
20.095095095095097,0.26850288031293934,-0.6438157982735738,-0.19465706194132038,0.7587106042879369
20.12012012012012,0.2123332876834348,-0.6109751293588503,-0.15148969237392962,0.7750784460829359
20.145145145145147,0.25117775348627613,-0.6444281456496889,-0.21044045408434092,0.7233818262328745
20.17017017017017,0.21144136073028116,-0.6681253912604236,-0.1764154898519514,0.7637914236908815
20.195195195195197,0.20210976647462106,-0.6946352297817585,-0.14790101192570465,0.7995808709124819
20.22022022022022,0.15152886083537903,-0.6566130535730674,-0.12931464698097894,0.7841871424645515
20.245245245245247,0.17801776357542465,-0.6667356410262056,-0.08204178188707527,0.7536740604953485
20.27027027027027,0.16120301585637306,-0.7052847682864325,-0.07555883461890778,0.7848489324048677
20.295295295295297,0.13133510224233466,-0.6872708360123797,-0.07808178378439351,0.7552051310561613
20.32032032032032,0.12164904262422684,-0.6951755579481433,-0.018616715582831136,0.7833640861490333
20.345345345345347,0.058557296301809156,-0.6835499233124971,-0.02936468075600329,0.7926907022733519
20.37037037037037,0.056081635678350804,-0.6730604999167167,-0.019807573704034107,0.7802278041937815
20.395395395395397,0.053484485235814234,-0.7299547081880146,0.024037430816953594,0.8198729380851746
20.42042042042042,0.023788192471723365,-0.7014610036371948,-0.017847734008242827,0.7870461529680206
20.445445445445447,0.009578584882287836,-0.7260736450772427,0.07848280660937243,0.7810210992458069
20.47047047047047,-0.005465201673975932,-0.7166741863755922,0.03821746106668981,0.7641586883723245
20.495495495495497,-0.0004230965374600777,-0.7498435529129001,0.0809028831354097,0.7775880822354025
20.52052052052052,-0.0024532627184364816,-0.6898760275179557,0.10472491049329477,0.8099892913831095
20.545545545545547,-0.06974541204962668,-0.6817617992417331,0.10828194078932007,0.8032144533972329
20.57057057057057,-0.0805731531816176,-0.7183054791251369,0.15064816500431855,0.7846819126042257
20.595595595595597,-0.09974425357109924,-0.681548601158548,0.16279149785016298,0.788465798255072
20.62062062062062,-0.09826463451685241,-0.6878448481228966,0.18500131424807306,0.7755526392419602
20.645645645645647,-0.11320249744134546,-0.6385023029964886,0.2319007288188828,0.7880482332432632
20.67067067067067,-0.07935243351336033,-0.6616519188057811,0.24198293455304412,0.7781618914953286
20.695695695695697,-0.1780118176865082,-0.6722115148083183,0.24122750615117047,0.7721373944496366
20.72072072072072,-0.1777988619750956,-0.6510706450383142,0.29203269420350003,0.7711062612019987
20.745745745745747,-0.19378430639614155,-0.6568864787615667,0.31178260170738936,0.7635384545746577
20.77077077077077,-0.23864004656397514,-0.6385624819745306,0.31103074850727513,0.7574189136712313
20.795795795795797,-0.20398758121707977,-0.6146079269890512,0.3379077138267779,0.7364764969693629
20.82082082082082,-0.2510305112557793,-0.6126851625737314,0.3448932072270189,0.727427214082506
20.845845845845847,-0.29029780463932653,-0.6017848144276071,0.3637658702523901,0.7150022640568616
20.87087087087087,-0.2722048972374285,-0.5696671821737428,0.3589983573542128,0.6801661226746323
20.895895895895897,-0.2885436912817342,-0.5489691798146553,0.43206146329451006,0.7200622584585025
20.92092092092092,-0.32486824981674445,-0.5529727224714802,0.42096311609074927,0.6992670187117396
20.945945945945947,-0.2982318034107602,-0.5500074032457704,0.4344265953494463,0.6950276437930382
20.97097097097097,-0.30559352744502216,-0.5304074649725591,0.44328953388995723,0.6230693752966
20.995995995995997,-0.34718173101594424,-0.5067129942365074,0.4466241092038728,0.6706094713606862
21.02102102102102,-0.3480562947860354,-0.522665539918203,0.48789805124263985,0.6385179431923711
21.046046046046047,-0.34893121617992107,-0.4837206286335006,0.500500075255645,0.6408531212119194
21.07107107107107,-0.3637971775622063,-0.4355593034205546,0.5108399007399151,0.6048770501382855
21.096096096096097,-0.4101086492838988,-0.42909016802233096,0.5315434793490696,0.6121874811526282
21.12112112112112,-0.378241588201764,-0.40176847419406336,0.5278890796322894,0.6072142784539468
21.146146146146148,-0.3958716202808409,-0.3678939969025162,0.5999435040660738,0.5875058727043242
21.17117117117117,-0.4109492200187003,-0.343537051289297,0.5767926049212555,0.578674190064788
21.196196196196198,-0.44899026135108194,-0.3394290577012935,0.5703632074287469,0.5416623616690257
21.22122122122122,-0.44186623465058067,-0.32681740716745605,0.6177729935657666,0.5754407883336953
21.246246246246248,-0.4513879229018121,-0.28727964113682564,0.5828692785948173,0.5404844293950622
21.27127127127127,-0.4320872434560533,-0.24133853660208643,0.6193802543231879,0.5580999599524736
21.296296296296298,-0.47652552193865133,-0.2581417405929174,0.6611053160904133,0.5569280352835949
21.32132132132132,-0.4418661775619691,-0.20896498188723683,0.6159370266323816,0.46926249259403285
21.346346346346348,-0.45403885550660517,-0.18993322873115331,0.6503045829169046,0.49700314029163717
21.371371371371374,-0.45857720961712284,-0.13817062325216356,0.6873804089800729,0.5060289998691445
21.396396396396398,-0.4643254853923346,-0.1333543395249227,0.7178030153353523,0.4474609948740468
21.421421421421424,-0.4111475820896648,-0.09726187207041054,0.7156382517076407,0.4629131700362525
21.446446446446448,-0.4321842286482779,-0.06239620155676332,0.6870574024837548,0.4656876403149905
21.471471471471475,-0.4781689403024083,-0.04937206465282929,0.7043380542327706,0.4331877341601924
21.496496496496498,-0.48533127301655654,-0.022599868269786594,0.7346296424748685,0.44606094179505323
21.521521521521525,-0.4329359398598944,0.003389621220706369,0.7515999918353728,0.38485350432068827
21.546546546546548,-0.4500595649619634,0.02306410335058463,0.7515196127241831,0.3965338286376158
21.571571571571575,-0.48186276682141754,0.056160723404778456,0.7375602803379729,0.37557663676128794
21.596596596596598,-0.4305132139319874,0.09867337588379119,0.8072742802447721,0.32900627836364055
21.621621621621625,-0.46215339583118087,0.09274788658446147,0.7819442313525128,0.34572610650592683
21.646646646646648,-0.4617080119093322,0.11071905533257659,0.7682677680779039,0.28694368407735454
21.671671671671675,-0.4500955476746597,0.20757850937161668,0.8294923407264191,0.26087736206753376
21.696696696696698,-0.42700007372632026,0.21229471651821524,0.7786168132846735,0.27692164808798564
21.721721721721725,-0.42832690541377694,0.23174825165291188,0.7902244887004427,0.2793611371078273
21.746746746746748,-0.4871246091512286,0.24333231357643975,0.8456525117221614,0.2516602576575315
21.771771771771775,-0.44781555017121294,0.2924707884561833,0.8484786127379734,0.26163814561837395
21.796796796796798,-0.4131413449187641,0.32302216991578037,0.8493353012001984,0.22490518712704086
21.821821821821825,-0.42096358867157446,0.3231459453691541,0.8157271456177794,0.18467125368103612
21.846846846846848,-0.4198595521630354,0.35897246252833653,0.873692779427134,0.18716326508787298
21.871871871871875,-0.3849616308133804,0.4017082286846995,0.8447553792751074,0.1841667548490629
21.896896896896898,-0.4000672309907969,0.4322400190964915,0.8662162068873911,0.13280209022704842
21.921921921921925,-0.38149325889307745,0.46410280143831456,0.8535987720192706,0.14998289592623293
21.946946946946948,-0.3627034967779119,0.4353905426181257,0.8707727450740114,0.09765955251795311
21.971971971971975,-0.3744105011248708,0.5022307732145636,0.8706424778003319,0.10405786170252773
21.996996996996998,-0.3406354565074969,0.5036907330007713,0.8663240077550518,0.10801097177430719
22.022022022022025,-0.3511791833680195,0.5294310313635845,0.8620115375417079,0.04801808934152681
22.047047047047048,-0.3415200529693553,0.5832485858816971,0.877758574734679,0.03825449075580867
22.072072072072075,-0.33982122672301035,0.5724032144814956,0.9027214568835388,0.046139719168905455
22.097097097097098,-0.2682142333739661,0.6039229966376635,0.881986728498217,0.008473398011084498
22.122122122122125,-0.2603941726528976,0.6118739940377664,0.8905221939107322,0.0043931981705018774
22.147147147147148,-0.25985843895739574,0.6467263993090776,0.8705174793365196,0.014443487722239056
22.172172172172175,-0.25246123493606454,0.647219983738064,0.9056896137836045,0.013205920057242412
22.197197197197198,-0.24557881215492217,0.6914623460063211,0.8583572673121649,-0.0453834131638792
22.222222222222225,-0.1924237783689204,0.6652581481457355,0.8910333257132179,-0.0404410255068667
22.24724724724725,-0.19959601255342505,0.7261138788867113,0.8830656396172191,-0.06538026313228315
22.272272272272275,-0.16281933317498018,0.7380753455993149,0.8449319991115748,-0.06547763782564107
22.2972972972973,-0.13091820389756756,0.7865183319156952,0.8826836019859406,-0.09886395173540825
22.322322322322325,-0.12968079450476183,0.7864513789881963,0.8808128065974067,-0.07207567434678813
22.34734734734735,-0.11277456254587735,0.7836834299835551,0.8517783906603824,-0.13818276048750777
22.372372372372375,-0.09341063125723228,0.8037813995765983,0.8724362574813836,-0.13914701373044933
22.3973973973974,-0.06710299252946325,0.8552932260756927,0.8598916939144841,-0.1255158500084957
22.422422422422425,-0.05327925690586274,0.8681873571061804,0.8345938891020156,-0.13181097342456083
22.44744744744745,-0.05458486445679424,0.8291189676497256,0.8505328452037141,-0.12021957466209812
22.472472472472475,0.01859853923937239,0.8607052089656707,0.8401718607628464,-0.10829309340669956
22.4974974974975,-0.004520144414066072,0.8511533991586492,0.8081131192507724,-0.14089167848495396
22.522522522522525,0.04510841724408683,0.9209029100871262,0.8114668573848948,-0.14999280866162934
22.54754754754755,0.049097361725452995,0.8977638137771173,0.8016924061869987,-0.15980801949344767
22.572572572572575,0.08559265494106923,0.889071267928109,0.8426944241965991,-0.21415772598009158
22.5975975975976,0.08063536813403151,0.8878901457009164,0.7876438919899469,-0.1909499471553382
22.622622622622625,0.13858947360703341,0.8895338449600286,0.8263394421599703,-0.22248714440085723
22.64764764764765,0.14400526140243897,0.896494165392061,0.7961631869437554,-0.20477515620753195
22.672672672672675,0.15897026040169776,0.9540483070809881,0.8090024103200626,-0.2526232124647195
22.6976976976977,0.20769686200253257,0.9298511064307375,0.8166553456193795,-0.218215292232227
22.722722722722725,0.19309158993501807,0.9173816799884768,0.7925367634065903,-0.2754049296834907
22.74774774774775,0.22392076118266485,0.948403749444781,0.7943757130559442,-0.28370774660353315
22.772772772772775,0.2211527728774866,0.9557749708132115,0.78131027966073,-0.27656227243377773
22.7977977977978,0.2698749550277306,0.8927875667134011,0.8049000544776279,-0.277931313133084
22.822822822822825,0.3257725079392903,0.9222701264918188,0.7981933840995281,-0.27101921236106635
22.84784784784785,0.33851946669824295,0.9335705476250964,0.7750856235275455,-0.27490236153370534
22.872872872872875,0.3397649641822549,0.954497335668097,0.7373599821996535,-0.2871068016901818
22.8978978978979,0.3675998894528108,0.9202869215921614,0.7396594705502039,-0.2858531566046817
22.922922922922925,0.386694778837861,0.8757001895000353,0.7410708871011074,-0.31873742755238377
22.94794794794795,0.3780189463528897,0.9042326763778328,0.7431585780239989,-0.2903932086206047
22.972972972972975,0.4465270756111333,0.8560584105491675,0.6986012233688782,-0.2652813140802772
22.997997997998,0.43653496936557545,0.8992061789829846,0.7044124517277067,-0.3066073129210252
23.023023023023026,0.4669046843997153,0.8895697076041739,0.7131347019870621,-0.32024137706976313
23.04804804804805,0.48042891199495796,0.8741214161283213,0.6783205768476045,-0.30542830932227105
23.073073073073076,0.5755736176358933,0.8852820478384975,0.7090546554276869,-0.31802211035684225
23.0980980980981,0.5056066400299228,0.8204404214761513,0.7124025481688505,-0.33406935939853716
23.123123123123126,0.551438104173297,0.831285515888445,0.6575201743593615,-0.3444090767447865
23.14814814814815,0.5851365343587477,0.8035962268692701,0.6559196398456945,-0.3367355241412301
23.173173173173176,0.6169755284159856,0.802740491989432,0.6591209875702216,-0.31005306095816326
23.1981981981982,0.6237076162786606,0.7869149346255159,0.6640362536229688,-0.3091546922076988
23.223223223223226,0.643243466548431,0.778343818410427,0.6309174599634323,-0.3399098764873989
23.24824824824825,0.6807998878263588,0.769051541587631,0.6475851252036351,-0.31691246629730513
23.273273273273276,0.6851478844079627,0.7566869854767582,0.6491156471875785,-0.30379934510897777
23.2982982982983,0.7005698306067973,0.7523061558392218,0.6269338386972767,-0.308537351839167
23.323323323323326,0.726123640218376,0.7105328452761909,0.599625844350486,-0.305991406285678
23.34834834834835,0.7947998628321504,0.6783602641639809,0.607770260004867,-0.32745495884075365
23.373373373373376,0.7450424135763107,0.6962646571599442,0.5849416020299124,-0.326210421231953
23.3983983983984,0.7394401633039479,0.6290187851180873,0.5563326399809256,-0.30198318072967484
23.423423423423426,0.8430316782804806,0.6149292231776983,0.5493216576489249,-0.294209548431362
23.44844844844845,0.7877901137760982,0.6256592769152395,0.5692363943354518,-0.32214354023348657
23.473473473473476,0.8134867060513633,0.591577239031819,0.5626199261946829,-0.31645474250338634
23.4984984984985,0.827196598779285,0.5270965646282985,0.5674785597083439,-0.338991353770413
23.523523523523526,0.8358126444862127,0.5432193974827876,0.55805352050651,-0.28791903704626376
23.54854854854855,0.8562954095438879,0.5263348212387841,0.5630327999906822,-0.2870120847365954
23.573573573573576,0.88841344255906,0.4922915083892223,0.5283938142719077,-0.31877221225545677
23.5985985985986,0.8898871030581618,0.4620082618005953,0.551740943922864,-0.30633915990457333
23.623623623623626,0.8743065208967454,0.4335741681494871,0.5213666423787083,-0.320815180206399
23.64864864864865,0.9102180073861144,0.3601301396299581,0.49685905431895566,-0.25133202392138576
23.673673673673676,0.9488076918693342,0.34520768195582385,0.5022717010982234,-0.2725673910009813
23.6986986986987,0.9568313082120786,0.331572947234399,0.49254350738610525,-0.23729821586756303
23.723723723723726,0.9218995572233376,0.32737917818756573,0.46589120166065096,-0.2663593689955706
23.74874874874875,0.9036741138074799,0.2629550244333789,0.5057068234186662,-0.2584145037779738
23.773773773773776,0.9372277296269794,0.23986984870098732,0.4781386503203623,-0.24570627662573238
23.7987987987988,0.9692767174262521,0.1728048586188403,0.4596898699118105,-0.24270015001509365
23.823823823823826,0.9529068407685181,0.20354965443419046,0.475597398048633,-0.24598543699420067
23.84884884884885,0.9488630614265412,0.16048771314166538,0.4872946671531283,-0.2483979274699674
23.873873873873876,0.9619042274396707,0.1387516561111828,0.489755065430477,-0.23350864673419364
23.8988988988989,0.9853356073152147,0.12921335379855176,0.45165917133599154,-0.22534804620350501
23.923923923923926,0.96181181373484,0.06877879646047493,0.4645659436630735,-0.21004267200096677
23.94894894894895,0.9745625900528103,0.02057566284594114,0.42284132133526514,-0.16523279066751917
23.973973973973976,0.966991654405125,-0.003336052954862917,0.4656882839628832,-0.19582576515870734
23.998998998999,0.9820278506282074,-0.02159679829020461,0.42573503906265053,-0.19814698586127877
24.024024024024026,0.941950308833372,-0.05163293303627537,0.43323991125588424,-0.1509842335666594
24.04904904904905,0.9696884179009877,-0.12760846604858678,0.42082006898997343,-0.12639840833655952
24.074074074074076,0.9828822612108764,-0.12817396142976162,0.43007314885922454,-0.1891923572139744
24.0990990990991,0.9352892955274669,-0.14990425492131249,0.4158041386481103,-0.20493925818230496
24.124124124124126,0.9354184357974921,-0.1736290242035272,0.4017044286293372,-0.15273628970458994
24.14914914914915,0.9293725346725166,-0.190339337118802,0.38225872802768673,-0.12091832767027502
24.174174174174176,0.9138463356399529,-0.25711452008218294,0.4105188284033846,-0.11364476471225146
24.1991991991992,0.9481932749384708,-0.2544731184778305,0.3989305919848433,-0.16064146963064646
24.224224224224226,0.9250606368509499,-0.3202295835601705,0.3695841972146204,-0.1253019200785484
24.24924924924925,0.9046164417406046,-0.3196251438495549,0.3658694556501547,-0.12068356014239563
24.274274274274276,0.9087748479184152,-0.32764216404299207,0.3952953557668569,-0.09523231482882134
24.2992992992993,0.8941630111715516,-0.38411323567308503,0.36628014957806926,-0.12163066353379061
24.324324324324326,0.8940280511171989,-0.4288885356219042,0.3588366090503399,-0.13512461233954498
24.34934934934935,0.8417446430010321,-0.4642778075668349,0.3931029061724997,-0.13241622330639213
24.374374374374376,0.8497311650310673,-0.43572761236325497,0.36538851016756757,-0.087724616452651
24.3993993993994,0.877788517021958,-0.4862763230924635,0.34539376914577286,-0.09258417366308792
24.424424424424426,0.819731417276747,-0.47814008629257965,0.341817299399847,-0.10286608475834558
24.44944944944945,0.8177543709884776,-0.5840698256397284,0.3987912057290328,-0.027545996606206352
24.474474474474476,0.8148505583801741,-0.6071185458793531,0.3251714946127281,-0.0751125053156343
24.4994994994995,0.8031788776885948,-0.6197860028464269,0.3726504677485194,-0.05672207077400083
24.524524524524526,0.8004634189681751,-0.6385828813477092,0.34464164088074334,-0.045873812064789785
24.54954954954955,0.7781165971093088,-0.6394181891521011,0.3810604906750745,-0.08237007925880464
24.574574574574577,0.7324301589296003,-0.6966207054968416,0.34284775244525817,-0.03376303869913559
24.5995995995996,0.7507881237053574,-0.6832259223951602,0.3707412141086784,-0.039826394417688565
24.624624624624627,0.7498188334946758,-0.7188661429978744,0.36313118148233325,-0.00972865650579378
24.64964964964965,0.7096216674379252,-0.7567268523284153,0.3440843585374258,-0.020831236044803275
24.674674674674677,0.7130014677520213,-0.7733369905061857,0.3861792716660857,-0.07007016901141416
24.6996996996997,0.6675600366016472,-0.7940965031030126,0.3447639707990352,0.020997022325584126
24.724724724724727,0.6472383160058248,-0.8216817972983524,0.3592028538529153,-0.06298682472622912
24.74974974974975,0.6127609837815872,-0.8133379966740728,0.3455752111536111,-0.03600593454378746
24.774774774774777,0.6330673261182795,-0.82489696791739,0.3680489021315613,-0.025283384016612905
24.7997997997998,0.5805478216816038,-0.8856893817604052,0.3374466119413398,-0.03408356848563403
24.824824824824827,0.5509986616008355,-0.9073924415644989,0.3257723311925259,-0.006089523379113016
24.84984984984985,0.54565679480985,-0.8689442146922438,0.34344861511333497,-0.0021122414021059284
24.874874874874877,0.524427858638909,-0.923453237784505,0.3715286532577019,0.009633459016456085
24.8998998998999,0.501555496898867,-0.9380449076729875,0.3493685468154127,-0.03134877358066759
24.924924924924927,0.4553692519249316,-0.9590528427041634,0.3339602354224566,0.00639136886093704
24.94994994994995,0.47156923070766166,-0.9775661227496586,0.3620650356007903,-0.021798372820351197
24.974974974974977,0.4173784170691973,-0.9851028321760165,0.3684192172368349,-0.013700986612127897
25.0,0.41926406650816395,-0.9871897268961903,0.34339532872578554,-0.024504468616160544
