t,x,v
0.0,1.0060943415950887,-0.020799682124809912
0.02002002002002002,1.0148086293427756,-0.0012074485576885723
0.04004004004004004,0.9601777936214727,-0.06607389582414566
0.06006006006006006,1.0007536865937556,-0.06635368373992194
0.08008008008008008,0.9964590333676362,-0.09707078368105561
0.10010010010010009,1.0125813748049834,-0.08441470106926194
0.12012012012012012,0.9941129942288592,-0.09736433902450992
0.14014014014014015,0.9995425822314112,-0.15701144888034535
0.16016016016016016,0.9945689131709007,-0.178898705173967
0.18018018018018017,1.00136628835842,-0.1805965984818207
0.20020020020020018,0.9763056329922921,-0.21307915677602907
0.22022022022022023,1.0002617617563148,-0.22240429480862822
0.24024024024024024,0.9626550147700454,-0.2462066454383524
0.2602602602602603,0.9768809516360014,-0.2517102218548506
0.2802802802802803,0.9691049947011956,-0.270271639830055
0.3003003003003003,0.997900871694202,-0.3069093266837971
0.3203203203203203,0.938642048817459,-0.3349848273652026
0.34034034034034033,0.9546260511069823,-0.31610620139184686
0.36036036036036034,0.9330465558173854,-0.3755266879626585
0.38038038038038036,0.9114530243844933,-0.36582610502595514
0.40040040040040037,0.9350212843778005,-0.3881817601791862
0.42042042042042044,0.8986539495244186,-0.414718111200389
0.44044044044044045,0.9056978200652109,-0.43543191510136897
0.46046046046046046,0.9117819016714568,-0.45592536205484135
0.4804804804804805,0.8985069298132893,-0.4798050254734772
0.5005005005005005,0.880868918796035,-0.48947957201936826
0.5205205205205206,0.835679809879191,-0.5296596791245681
0.5405405405405406,0.84472590132953,-0.5574408776241571
0.5605605605605606,0.8375099950143061,-0.5364228403299031
0.5805805805805806,0.814139270599505,-0.5689020486742072
0.6006006006006006,0.7857990843836464,-0.6172264093923375
0.6206206206206206,0.8102630651811402,-0.6214092784290521
0.6406406406406406,0.808327815175815,-0.6402457540325839
0.6606606606606606,0.77376002031345,-0.6887439807076954
0.6806806806806807,0.7840527949015385,-0.7071451758363926
0.7007007007007007,0.7270567210057105,-0.7502788252324466
0.7207207207207207,0.7193671910240749,-0.7424709946128257
0.7407407407407407,0.7252886392403912,-0.7639494195957987
0.7607607607607607,0.6980657939424914,-0.8005150566318932
0.7807807807807807,0.702768173825487,-0.8364206917016942
0.8008008008008007,0.6824993423282976,-0.8706821108022923
0.8208208208208209,0.6486585148437165,-0.8929921705736434
0.8408408408408409,0.6139923114707756,-0.9042791270772461
0.8608608608608609,0.6099289205045503,-0.9432217777731703
0.8808808808808809,0.6097418043273297,-0.9648317665435278
0.9009009009009009,0.5936292829474529,-1.0069072125958853
0.9209209209209209,0.5514169478243504,-1.0386389695445397
0.9409409409409409,0.5050450425987844,-1.0990742332768164
0.960960960960961,0.490573928119947,-1.1241932548220221
0.980980980980981,0.502565876383689,-1.1575520037071776
1.001001001001001,0.46383383274642653,-1.1497782502137819
1.021021021021021,0.4403596871581215,-1.1985069669243293
1.0410410410410411,0.40413771420438577,-1.2560810481601195
1.0610610610610611,0.3783470623477583,-1.2987330018539471
1.0810810810810811,0.38787768543922163,-1.3677855510333994
1.1011011011011012,0.35264405318379144,-1.3711159229581311
1.1211211211211212,0.3040894119896747,-1.4488011148459856
1.1411411411411412,0.28853674397101503,-1.475883886130824
1.1611611611611612,0.2619459985551936,-1.5116951062313617
1.1811811811811812,0.2585743283536458,-1.5651912722473085
1.2012012012012012,0.1743343183782364,-1.6065229960588778
1.2212212212212212,0.1664604140160565,-1.6340462340675201
1.2412412412412412,0.14498152739272357,-1.7065996897057671
1.2612612612612613,0.12269952024579774,-1.7913546605232593
1.2812812812812813,0.04470189197313084,-1.8412155861391748
1.3013013013013013,0.01264914918892928,-1.90648647877434
1.3213213213213213,-0.005040325144910788,-1.9407021361757855
1.3413413413413413,-0.08650446420598387,-2.0147493988172234
1.3613613613613613,-0.091334963567355,-2.036532218756386
1.3813813813813813,-0.09937064953224464,-2.0543112976737397
1.4014014014014013,-0.17390620230984363,-2.1918244906254447
1.4214214214214214,-0.2689132987055302,-2.22594116757901
1.4414414414414414,-0.2877905702614433,-2.2982930737509197
1.4614614614614614,-0.3301986820079001,-2.3504781756267596
1.4814814814814814,-0.3442025491988765,-2.4006838412827975
1.5015015015015014,-0.41736487666201544,-2.478629445608421
1.5215215215215214,-0.49741298717555843,-2.5190508376777623
1.5415415415415414,-0.5157189660451504,-2.522027233643465
1.5615615615615615,-0.5636846085183329,-2.581735957952445
1.5815815815815815,-0.6287569809416181,-2.664293323318945
1.6016016016016015,-0.6912847764133903,-2.688733162227606
1.6216216216216217,-0.683235549012382,-2.7179451023625525
1.6416416416416417,-0.7633340643020554,-2.73975440986643
1.6616616616616617,-0.8160979492251783,-2.726333347926567
1.6816816816816818,-0.892650516979077,-2.738667235465702
1.7017017017017018,-0.957388050908355,-2.72364052401954
1.7217217217217218,-1.0079652605996996,-2.742189211208971
1.7417417417417418,-1.0786005255365123,-2.689392066215739
1.7617617617617618,-1.07503757557045,-2.654661799508687
1.7817817817817818,-1.1617674555025064,-2.6069834850176803
1.8018018018018018,-1.1850450121566145,-2.5531220190635056
1.8218218218218218,-1.2699513009130685,-2.4705010788274593
1.8418418418418419,-1.3023335369640623,-2.387854856240081
1.8618618618618619,-1.354851051000667,-2.360517849804455
1.8818818818818819,-1.4317554914861705,-2.212825634951677
1.901901901901902,-1.413921559924266,-2.152576765599143
1.921921921921922,-1.4980641232816956,-2.0172926974482377
1.941941941941942,-1.5524487164298262,-1.9574750436530919
1.961961961961962,-1.5551725935872844,-1.8372154277432646
1.981981981981982,-1.6036420127558788,-1.7201750256061636
2.002002002002002,-1.6300257087726493,-1.5753001596526826
2.022022022022022,-1.6659302165612528,-1.4771335977979287
2.042042042042042,-1.7374474411402883,-1.3785415264087832
2.062062062062062,-1.739776827961756,-1.291362058586519
2.0820820820820822,-1.7647547383004911,-1.1657097386928872
2.1021021021021022,-1.7510234753647427,-1.080860116790005
2.1221221221221223,-1.7888198529349197,-0.9631058122796714
2.1421421421421423,-1.8140980538365967,-0.8366485976340292
2.1621621621621623,-1.8130025998885702,-0.7377253136275029
2.1821821821821823,-1.8412755318862573,-0.6908469442556388
2.2022022022022023,-1.8553783164375124,-0.589326110394912
2.2222222222222223,-1.8584769858995565,-0.5379349685505685
2.2422422422422423,-1.8697938621836792,-0.4385409730681902
2.2622622622622623,-1.829432286641328,-0.33712343064330397
2.2822822822822824,-1.903700388981842,-0.31652457161315234
2.3023023023023024,-1.9215234491325985,-0.26310070426082616
2.3223223223223224,-1.8904129718414753,-0.17187825149803207
2.3423423423423424,-1.9147105592250033,-0.15777457653863725
2.3623623623623624,-1.9454894385097714,-0.10040634136791646
2.3823823823823824,-1.9252907858859156,-0.06374025998202232
2.4024024024024024,-1.9222311362363689,-0.014343314305781767
2.4224224224224224,-1.9397164519385552,-0.004187433665432533
2.4424424424424425,-1.8611209236475432,0.03415547464715847
2.4624624624624625,-1.9241167082310773,0.12874476766422183
2.4824824824824825,-1.8419368848484663,0.09823391136239737
2.5025025025025025,-1.9046895067643506,0.15590515863632493
2.5225225225225225,-1.8595091350228818,0.15467882740611166
2.5425425425425425,-1.8952591053491021,0.21340968575820238
2.5625625625625625,-1.8774768971941198,0.21205255705330273
2.5825825825825826,-1.8842487605066156,0.2122059729062463
2.6026026026026026,-1.8813475849447883,0.25305875035329095
2.6226226226226226,-1.8665918843439275,0.2646455529362777
2.6426426426426426,-1.85612020920754,0.31217371556418905
2.6626626626626626,-1.8564454959039673,0.3140329172577227
2.6826826826826826,-1.8522022623454337,0.3210895627569905
2.7027027027027026,-1.8611348485990127,0.3406119465015711
2.7227227227227226,-1.841831845473705,0.38852848583971183
2.7427427427427427,-1.8013609976676672,0.36603167864220004
2.7627627627627627,-1.840804739125795,0.3470538805650052
2.7827827827827827,-1.7942223488144087,0.38494734265709996
2.8028028028028027,-1.8007414152314796,0.3546534030258271
2.8228228228228227,-1.7839022576392112,0.408003382434393
2.8428428428428427,-1.8165832137981044,0.39842136837005054
2.8628628628628627,-1.780848861364884,0.41745085650671304
2.8828828828828827,-1.7835475941428711,0.42253606792452303
2.9029029029029028,-1.774163566146973,0.435554446926343
2.9229229229229228,-1.7309586982292307,0.3887956662322418
2.942942942942943,-1.7562398446524408,0.45104534423709886
2.962962962962963,-1.736551533965019,0.44725342828201475
2.982982982982983,-1.7684326160444406,0.4682460066965905
3.003003003003003,-1.6894395268803237,0.43784625795925314
3.023023023023023,-1.6972628123948081,0.4686567274709691
3.043043043043043,-1.7061856479582507,0.4607609805181671
3.063063063063063,-1.7019370593880587,0.5143196004390688
3.083083083083083,-1.6737542443465023,0.529391411649077
3.103103103103103,-1.651890453875973,0.509897526186597
3.123123123123123,-1.6304642258754936,0.5162267283175748
3.143143143143143,-1.6385608967242944,0.5078223071987041
3.163163163163163,-1.643441345257038,0.5061023499573635
3.183183183183183,-1.6145060993778164,0.5027857732595311
3.203203203203203,-1.6080499927253913,0.5288567586679949
3.2232232232232234,-1.589544520993124,0.5540344193151011
3.2432432432432434,-1.5657015374919212,0.5600210110481902
3.2632632632632634,-1.6225718575155337,0.5505076087683818
3.2832832832832834,-1.60345821603403,0.5479860004597498
3.3033033033033035,-1.5385495658564512,0.5776817506443999
3.3233233233233235,-1.5713762498431518,0.551321303425874
3.3433433433433435,-1.545231142834119,0.5540244820470012
3.3633633633633635,-1.547662356564819,0.5914615843454532
3.3833833833833835,-1.4993474828143039,0.6043781485172981
3.4034034034034035,-1.5563526725123529,0.6053977071751298
3.4234234234234235,-1.497015733008238,0.6148316704821902
3.4434434434434436,-1.4539152717695416,0.5726787999679142
3.4634634634634636,-1.4856951039955675,0.6333078767824111
3.4834834834834836,-1.4929857652719782,0.6587218129680097
3.5035035035035036,-1.4413114119052772,0.6540250812994969
3.5235235235235236,-1.447262248779773,0.6614475526638046
3.5435435435435436,-1.4014750589559861,0.6581081110203415
3.5635635635635636,-1.4049897645947702,0.667346465878461
3.5835835835835836,-1.4136058224446915,0.6677005902043398
3.6036036036036037,-1.3858737683232232,0.6872652434102237
3.6236236236236237,-1.3491296766008256,0.6676200359297085
3.6436436436436437,-1.3577425523799578,0.7278734730759908
3.6636636636636637,-1.3560383675522785,0.691526728479022
3.6836836836836837,-1.322847110244004,0.7348746662929588
3.7037037037037037,-1.312187836052153,0.754883990090437
3.7237237237237237,-1.2805938806904213,0.7557769603907833
3.7437437437437437,-1.2717445880163873,0.7964634526110681
3.7637637637637638,-1.271804210593162,0.7211606744824954
3.7837837837837838,-1.220259647380458,0.7637664342854666
3.803803803803804,-1.2345930195357537,0.8111878550158697
3.823823823823824,-1.2529559074297136,0.77244690704507
3.843843843843844,-1.2368422127752716,0.7945072111958896
3.863863863863864,-1.179666944784423,0.8342323948931855
3.883883883883884,-1.166305097350869,0.809323304211996
3.903903903903904,-1.2011217605890345,0.8529908413767404
3.923923923923924,-1.1471523678569282,0.8759369455058426
3.943943943943944,-1.1061722969284202,0.8849063286930042
3.963963963963964,-1.0871893699857549,0.9026927479467278
3.983983983983984,-1.073645741695176,0.9005862706990561
4.004004004004004,-1.069356208257139,0.9358217057319983
4.024024024024024,-1.0305192495878275,0.9418857725703605
4.044044044044044,-1.0173074943942815,0.9630206864856884
4.064064064064064,-1.0105034622754723,1.004243506929683
4.084084084084084,-1.0280411910642673,0.981816435935432
4.104104104104104,-0.9974406864255125,0.9819837183666746
4.124124124124124,-0.9605521065389655,1.0654146976245993
4.1441441441441444,-0.9314295245460805,1.0770562261066032
4.1641641641641645,-0.8822291360588664,1.1232798236147619
4.1841841841841845,-0.8831949698807912,1.148423924588025
4.2042042042042045,-0.857264945583626,1.1302822846910288
4.2242242242242245,-0.8477657023318929,1.1442033719056268
4.2442442442442445,-0.8298628379039125,1.194599685118254
4.2642642642642645,-0.7716793300473296,1.2653419913893733
4.2842842842842845,-0.7904488898063342,1.2692312436784274
4.3043043043043046,-0.7580474434014112,1.3026612965934399
4.324324324324325,-0.7136391138066369,1.2897514734489464
4.344344344344345,-0.6655528813531729,1.348948158692638
4.364364364364365,-0.667188655199505,1.3758762436330376
4.384384384384385,-0.6412469194760854,1.4436659393318918
4.404404404404405,-0.6028225165371278,1.481201560393519
4.424424424424425,-0.5618669431713075,1.5423144647660398
4.444444444444445,-0.5451844541066351,1.529457973547921
4.464464464464465,-0.48532611083030686,1.5973463105388874
4.484484484484485,-0.45180060430342533,1.6585741883376006
4.504504504504505,-0.44317754575157864,1.7068198515424389
4.524524524524525,-0.3669966334464211,1.7923792727576966
4.544544544544545,-0.3690494725716492,1.8071377247591165
4.564564564564565,-0.31224828939848787,1.8422432344559587
4.584584584584585,-0.28932068582482917,1.9160043802556548
4.604604604604605,-0.2507430512199164,1.9593577086684346
4.624624624624625,-0.24863922508213643,1.9961799506751858
4.644644644644645,-0.1977679974210426,2.092136797865864
4.664664664664665,-0.13856201475253788,2.205693886220935
4.684684684684685,-0.06652341491052825,2.21518760087877
4.704704704704705,-0.036266224791359374,2.2954365675298214
4.724724724724725,-0.0020855539700012264,2.377876372563813
4.744744744744745,0.06423262124373283,2.4391335602493203
4.764764764764765,0.12281881318969308,2.49563203109385
4.784784784784785,0.152818163444632,2.6433497416754435
4.804804804804805,0.20976207681837186,2.692846576619948
4.824824824824825,0.2611908210720252,2.747842105194457
4.844844844844845,0.31371386267692564,2.8034243391908453
4.864864864864865,0.3561415834566341,2.8838125559479635
4.884884884884885,0.41292135374599304,2.953770319763801
4.904904904904905,0.511145680950271,3.0089371170487476
4.924924924924925,0.5443770849686361,3.0666642223502
4.944944944944945,0.6056502526870032,3.1259714716921176
4.964964964964965,0.6378388415230174,3.1427409203054566
4.984984984984985,0.6980537565543989,3.1530619941245663
5.005005005005005,0.8291243289467485,3.2245108904024398
5.025025025025025,0.8517996829061146,3.189207154932712
5.045045045045045,0.8713754443209577,3.2090166440913044
5.065065065065065,1.0434358523619998,3.21631474156305
5.085085085085085,1.0478170066331094,3.191068173178594
5.105105105105105,1.0911128013842828,3.135946239517654
5.125125125125125,1.1867047542100502,3.0861075700217855
5.145145145145145,1.2616910636841214,3.0266069037076226
5.165165165165165,1.3189003655231664,2.924230717972522
5.185185185185185,1.3813830928972792,2.8760256814807104
5.205205205205205,1.3999039354170644,2.719364993013022
5.225225225225225,1.4996669781790963,2.616505004229603
5.245245245245245,1.5522419215537717,2.4857644631750793
5.265265265265265,1.6018883140588798,2.3642814960479512
5.285285285285285,1.6238541699781082,2.254509264360431
5.305305305305305,1.654545091884043,2.0622807433773667
5.325325325325325,1.693033022946432,1.9461257490466424
5.345345345345345,1.7080244670144056,1.8055634969980003
5.365365365365365,1.7630219059162753,1.6727999583051767
5.385385385385385,1.7575320460219157,1.4938022532252688
5.405405405405405,1.8005353842758398,1.3565327876557556
5.425425425425425,1.8653799534141402,1.2378016748979854
5.445445445445445,1.8789395824649304,1.1121041821685722
5.465465465465465,1.909191620622122,0.9751639600092318
5.485485485485485,1.9380410206332064,0.8951707944697365
5.505505505505505,1.9481817958946754,0.7863948783741154
5.525525525525525,1.9609197374232321,0.7161624514791536
5.545545545545545,1.9658301480609892,0.576332443415072
5.565565565565565,1.9632877386096246,0.47552665229091184
5.585585585585585,1.9625925656116983,0.3985693949635081
5.605605605605605,1.9936566041976564,0.34941272226846426
5.625625625625625,2.0022670069948383,0.2596961165359769
5.645645645645645,2.024122303789117,0.22763646615366448
5.665665665665665,2.006608410847145,0.14283990313235378
5.685685685685685,2.023361707419289,0.10755772575771923
5.7057057057057055,1.9850249017395678,0.05483201620936339
5.7257257257257255,2.0199114354928134,-0.005264314226728482
5.7457457457457455,2.018319417964489,-0.05602067234222614
5.7657657657657655,2.040339663164256,-0.03813159611785678
5.7857857857857855,2.006967298899683,-0.08880360842814052
5.8058058058058055,1.961590095562804,-0.14928175086028075
5.8258258258258255,2.0011084049688757,-0.17504440918395706
5.8458458458458455,2.0179421878585626,-0.13871300742762474
5.865865865865866,1.9763126113762013,-0.21830193835242573
5.885885885885886,2.0003060949353504,-0.19026850044021243
5.905905905905906,1.9665006545989934,-0.23668298350747166
5.925925925925926,2.0223574975889544,-0.29228022651346486
5.945945945945946,1.9549561367548118,-0.2838651721746102
5.965965965965966,1.9645016067198124,-0.2739994449283974
5.985985985985986,1.9737967673031995,-0.339450016864132
6.006006006006006,1.9730583259216015,-0.3281599085668299
6.026026026026026,1.981781705608007,-0.3408852295013641
6.046046046046046,1.9368769121176517,-0.3283978775244204
6.066066066066066,1.9579738908811417,-0.34039559754335463
6.086086086086086,1.901913456260792,-0.3480629086523145
6.106106106106106,1.9076658904303625,-0.3629842506186687
6.126126126126126,1.8924319732276371,-0.3670939618152002
6.146146146146146,1.8971673865776484,-0.4095262250867684
6.166166166166166,1.919815588679346,-0.3864686679803598
6.186186186186186,1.8853546185629482,-0.36932823748811955
6.206206206206206,1.8807783496764032,-0.4044249162279233
6.226226226226226,1.8867954984676414,-0.42387931612158686
6.246246246246246,1.8825399512910896,-0.428312644102686
6.266266266266266,1.8564635285344946,-0.39631871783557765
6.286286286286286,1.8353470216252081,-0.4775542721910277
6.306306306306306,1.8797270648684883,-0.3838644288988252
6.326326326326326,1.830642913897324,-0.47898903551344896
6.346346346346346,1.8236717898728383,-0.4512486069697477
6.366366366366366,1.8171117492655706,-0.4729541014749414
6.386386386386386,1.823427804305589,-0.445266747250949
6.406406406406406,1.7727740902228262,-0.44676841669603673
6.426426426426427,1.8344421379815874,-0.4622486990175357
6.446446446446447,1.7772698430200788,-0.4734176284983841
6.466466466466467,1.7868518488716747,-0.5100477007901182
6.486486486486487,1.7682678927723294,-0.48807930387415405
6.506506506506507,1.7922732478572854,-0.4885794563950214
6.526526526526527,1.778914563034995,-0.5119974527552364
6.546546546546547,1.7474453390191074,-0.4883717187260527
6.566566566566567,1.7083655352055396,-0.4960685623916523
6.586586586586587,1.7399456787668757,-0.5109774846083016
6.606606606606607,1.6717067157786791,-0.5097747817133141
6.626626626626627,1.677249203778002,-0.5212368660499259
6.646646646646647,1.6833176663890623,-0.5535218819159488
6.666666666666667,1.642186950119972,-0.5148459251179561
6.686686686686687,1.6534941111744605,-0.5809273552852455
6.706706706706707,1.6689899997638564,-0.5294040320950061
6.726726726726727,1.62825497767629,-0.5664875847593611
6.746746746746747,1.648381027490684,-0.5385508724927641
6.766766766766767,1.6683405340804334,-0.5426150472352859
6.786786786786787,1.6173554447466212,-0.5599389986212856
6.806806806806807,1.6147369855125677,-0.5497877082933551
6.826826826826827,1.6121210306459004,-0.5785188891194349
6.846846846846847,1.5669460686741974,-0.5835983117640227
6.866866866866867,1.579918079522108,-0.5501002228155119
6.886886886886887,1.5432505759280917,-0.5947492569329788
6.906906906906907,1.5469090188397832,-0.5974967900778608
6.926926926926927,1.5477404752741921,-0.6440938621595691
6.946946946946947,1.500106010786765,-0.6213398439479754
6.966966966966967,1.4580392739306987,-0.6317616129612544
6.986986986986987,1.4738117634085504,-0.6234803201447249
7.007007007007007,1.5019013772214183,-0.6315090826763882
7.027027027027027,1.4464079473043479,-0.6350853604173531
7.047047047047047,1.4752409793386556,-0.6610014300878958
7.067067067067067,1.4231263694534901,-0.6380540258446649
7.087087087087087,1.4238303455509738,-0.6442343912507901
7.107107107107107,1.41474974415103,-0.6513361988809342
7.127127127127127,1.3809165058912078,-0.6740332833541304
7.147147147147147,1.3838285846855065,-0.7067791565346276
7.167167167167167,1.3430210014847748,-0.6776751459443873
7.187187187187187,1.3533382408890464,-0.7210355234991256
7.207207207207207,1.3443134408809791,-0.6875128754357339
7.227227227227227,1.2863091904426547,-0.749786071986102
7.247247247247247,1.2989542639342564,-0.7007203136689638
7.267267267267267,1.3083465346669343,-0.725013224988573
7.287287287287287,1.2649624765281542,-0.7735063479530505
7.307307307307307,1.2815739909111248,-0.7610626894799675
7.327327327327327,1.2682183322080571,-0.7774675758905224
7.347347347347347,1.2471984346453264,-0.7824290477015212
7.367367367367367,1.2413410548731012,-0.78173865795373
7.387387387387387,1.1772881505588726,-0.8555415510581347
7.407407407407407,1.2133613032904267,-0.8000099256177716
7.4274274274274275,1.156286413453369,-0.8746023584850907
7.4474474474474475,1.1617740239190752,-0.8329263761100928
7.4674674674674675,1.1785514678639646,-0.8558755323165728
7.4874874874874875,1.1176726027250585,-0.8992692456918905
7.5075075075075075,1.1075332144092616,-0.9031712659822256
7.5275275275275275,1.0688781926210476,-0.8725932956171738
7.5475475475475475,1.1064240127323897,-0.9078634833540881
7.5675675675675675,1.0334974608008367,-0.9311659187069585
7.587587587587588,1.0455398833783762,-0.957797008618772
7.607607607607608,1.038198243614954,-0.9730577056856217
7.627627627627628,1.0080724043081577,-0.992917558522815
7.647647647647648,0.9797488474116758,-1.0620316040404123
7.667667667667668,0.9538433641401708,-1.0590419556314128
7.687687687687688,0.9053715173965292,-1.0367396301253404
7.707707707707708,0.9438866446344025,-1.0665948425992138
7.727727727727728,0.8922710058186525,-1.091164129864623
7.747747747747748,0.8647689910292011,-1.1395631441752796
7.767767767767768,0.8194994257610646,-1.1622201851144491
7.787787787787788,0.8188746902009602,-1.2239082064717568
7.807807807807808,0.7923746525381135,-1.2283572723752518
7.827827827827828,0.8044900743767764,-1.2390587394065555
7.847847847847848,0.743290544144684,-1.2834830253349885
7.867867867867868,0.7178238145166183,-1.3254329424632414
7.887887887887888,0.668495410130601,-1.3587782056898121
7.907907907907908,0.6477227897942901,-1.4166805953984118
7.927927927927928,0.6446349942695042,-1.421369813092777
7.947947947947948,0.5696744085604459,-1.4708429825086058
7.967967967967968,0.5955185882275166,-1.4881419347243776
7.987987987987988,0.5654797162386855,-1.551296826060409
8.008008008008009,0.4965459702176409,-1.6183759967435805
8.028028028028029,0.4879101060379312,-1.6356850398613518
8.048048048048049,0.47338352590672417,-1.6698400760682819
8.068068068068069,0.4106184075152514,-1.767345329961507
8.088088088088089,0.3714725661572744,-1.7908339905967114
8.108108108108109,0.3373280889865718,-1.8615817170431759
8.128128128128129,0.30882304553484335,-1.9170935615427231
8.148148148148149,0.25243717976535945,-1.9599208606679532
8.168168168168169,0.2169866072216284,-2.0225257512547983
8.188188188188189,0.18927124805914092,-2.1135275600308097
8.208208208208209,0.1316750632478274,-2.127306459602291
8.228228228228229,0.07422426200954141,-2.2655908113950645
8.248248248248249,0.015032237715650702,-2.291580193400095
8.268268268268269,0.006295943458946258,-2.36491301451163
8.288288288288289,-0.01805224519746169,-2.4876353584123234
8.308308308308309,-0.0838742145180158,-2.4754461862739223
8.328328328328329,-0.16526212810009538,-2.587230209148857
8.348348348348349,-0.21013917107365948,-2.6704454483949123
8.368368368368369,-0.25543618188278017,-2.6963125166786353
8.388388388388389,-0.26742853322352483,-2.8025841236316094
8.408408408408409,-0.32274245608652163,-2.8640796339802597
8.428428428428429,-0.3837891271808084,-2.932631839953043
8.448448448448449,-0.4755443568079763,-2.985512566197733
8.468468468468469,-0.4750854297233245,-3.0328812828947007
8.488488488488489,-0.6143885351117802,-3.0815164063488427
8.508508508508509,-0.6700106502585382,-3.1544093837286473
8.528528528528529,-0.7079251656007503,-3.179238743900856
8.548548548548549,-0.7844597204436834,-3.2051629168995435
8.568568568568569,-0.8476394374065075,-3.211717770982846
8.588588588588589,-0.9576290294542313,-3.209801290752653
8.608608608608609,-1.0029805930210893,-3.2421245609742875
8.62862862862863,-1.0486276233112177,-3.188251823962978
8.64864864864865,-1.1248419339893327,-3.13598027268622
8.66866866866867,-1.2004383218748391,-3.1092065409579392
8.68868868868869,-1.2467418524620957,-3.036343712729241
8.70870870870871,-1.289463872535747,-2.976186900471376
8.72872872872873,-1.3388313044825197,-2.86236920840596
8.74874874874875,-1.4474597239971767,-2.7983938833762108
8.76876876876877,-1.4639710461041382,-2.648503459152906
8.78878878878879,-1.517496786165063,-2.5202732625885895
8.80880880880881,-1.5600523623062177,-2.368820852219921
8.82882882882883,-1.6332183020986493,-2.273469571154801
8.84884884884885,-1.6764946349667453,-2.102506554154944
8.86886886886887,-1.670498239234074,-1.9729416396854964
8.88888888888889,-1.783309891914834,-1.8538946652741426
8.90890890890891,-1.7849303272956654,-1.6875049817275392
8.92892892892893,-1.8085811047131433,-1.5345505309416203
8.94894894894895,-1.836003265286278,-1.376954451565511
8.96896896896897,-1.8699384220101225,-1.2824632076220162
8.98898898898899,-1.8708866511073583,-1.1686666673832462
9.00900900900901,-1.894228495831736,-1.0147080706226677
9.02902902902903,-1.924167438614979,-0.8702894829962516
9.04904904904905,-1.9506298476759907,-0.7528908891680793
9.06906906906907,-1.9575686637325693,-0.7185344420592371
9.08908908908909,-1.9645804935062818,-0.6202571706622443
9.10910910910911,-1.9921133079599298,-0.5032541735719958
9.12912912912913,-1.9753790752856104,-0.4426276933739329
9.14914914914915,-1.9745965221971127,-0.3322913104508163
9.16916916916917,-1.9720363761945177,-0.2760739160972493
9.18918918918919,-1.978591588162462,-0.2611284503653799
9.20920920920921,-2.016105214436542,-0.18298088582568123
9.22922922922923,-2.0101407347884335,-0.12411710359291558
9.24924924924925,-2.017612711432508,-0.02665278282090218
9.26926926926927,-2.0185221634283748,-0.011838246634407171
9.28928928928929,-2.0197661342999718,0.021712118620570754
9.30930930930931,-2.014222370542738,0.06593031058262211
9.32932932932933,-1.9895553744027183,0.12343858330634581
9.34934934934935,-2.0045467399387733,0.13285750566767088
9.36936936936937,-2.0310492009706556,0.14720255164988666
9.38938938938939,-1.9859852178332573,0.19173976307166607
9.40940940940941,-1.9968306159217415,0.21540527157549322
9.42942942942943,-1.9870739514635993,0.24294853128066743
9.44944944944945,-1.9865211625788812,0.23129501097800084
9.46946946946947,-1.980637374085144,0.19764196897541783
9.48948948948949,-1.9743999606672675,0.1996697977903818
9.50950950950951,-2.0109157966281543,0.2967433069167966
9.52952952952953,-1.9609951332056046,0.27834773915101285
9.54954954954955,-1.9786197197160234,0.3418343612620601
9.56956956956957,-1.967643143684937,0.37115694181237213
9.58958958958959,-1.9513567647917411,0.3454805062160788
9.60960960960961,-1.912123857081838,0.3501968117022054
9.62962962962963,-1.9574528450206714,0.35495380868158954
9.64964964964965,-1.9308774066425691,0.3388137643748623
9.66966966966967,-1.9278672485652353,0.35967863259951405
9.68968968968969,-1.8966853923074667,0.3831413367204948
9.70970970970971,-1.9130961392649115,0.3878181969224893
9.72972972972973,-1.8950993931306677,0.40938515953090154
9.74974974974975,-1.9115388983035904,0.3829820092241323
9.76976976976977,-1.8613015498821692,0.4020291212614523
9.78978978978979,-1.9034558159498758,0.4253470345299178
9.80980980980981,-1.8574537982941293,0.39181647633455
9.82982982982983,-1.853616566449163,0.4428967645581546
9.84984984984985,-1.8420901116098474,0.44639991518503996
9.86986986986987,-1.8689248374149967,0.4458012633947146
9.88988988988989,-1.8380463200578923,0.43481179258306524
9.90990990990991,-1.8056325965700106,0.47922722287130437
9.92992992992993,-1.7781034823235524,0.48101734774693444
9.94994994994995,-1.8070318572461526,0.4667771520907473
9.96996996996997,-1.78024752541912,0.4670853822057846
9.98998998998999,-1.78361713387454,0.48602766792866886
10.01001001001001,-1.7779689651944601,0.4598224701558593
10.03003003003003,-1.7755267087711721,0.49191898945284507
10.05005005005005,-1.7575347044297336,0.4908658265383401
10.07007007007007,-1.7344538234324463,0.48138446107407035
10.09009009009009,-1.7228947222337725,0.5012865141245899
10.11011011011011,-1.7527833950881824,0.5274021442986376
10.13013013013013,-1.7280721971220294,0.4703273452871974
10.15015015015015,-1.7288304452994137,0.48791673431564825
10.17017017017017,-1.6966596883518974,0.5078121772492779
10.19019019019019,-1.6941137514717153,0.5306856086324987
10.21021021021021,-1.670152843743958,0.5296731332035907
10.23023023023023,-1.658225064294169,0.5408008665813548
10.25025025025025,-1.697948647461823,0.5263877927593255
10.27027027027027,-1.6886568752874693,0.5396753757741508
10.29029029029029,-1.6343019191834347,0.5652284228105828
10.31031031031031,-1.5995048621433225,0.5538295438424287
10.33033033033033,-1.6222028440779113,0.5650328439976453
10.35035035035035,-1.6115797751262768,0.5609633022621965
10.37037037037037,-1.5700100361317666,0.5556098899604718
10.39039039039039,-1.5622137475156386,0.5862068651098051
10.41041041041041,-1.585898474037897,0.5981564077272484
10.43043043043043,-1.5411847937595298,0.5868698193474822
10.45045045045045,-1.5586315031964986,0.5739401085435136
10.47047047047047,-1.5422397509438766,0.6084164148076443
10.49049049049049,-1.5385699968355908,0.6129098462326524
10.51051051051051,-1.5321299519118519,0.6068357114359048
10.53053053053053,-1.4928022576285394,0.6667474359075701
10.55055055055055,-1.5101014319972408,0.654391272340417
10.57057057057057,-1.4669740557711428,0.6404673919053767
10.59059059059059,-1.4548717822479258,0.6486270284702974
10.61061061061061,-1.4474283257572953,0.676506691347994
10.63063063063063,-1.4404437844112323,0.6779777035870128
10.65065065065065,-1.4310009110606714,0.6622593018739161
10.67067067067067,-1.42618691024341,0.6809304542767673
10.69069069069069,-1.3623093150616763,0.6788935984448816
10.71071071071071,-1.3814387882836143,0.6670155111564713
10.73073073073073,-1.3681959835666966,0.6665873044501234
10.75075075075075,-1.3677910686571653,0.712394866720136
10.77077077077077,-1.3088851982509837,0.7737529512868361
10.79079079079079,-1.332531679209389,0.7562916283677283
10.81081081081081,-1.301255708973696,0.7348992423963533
10.83083083083083,-1.2825993263050135,0.7498378875813384
10.85085085085085,-1.2739465343849332,0.7514609539869351
10.87087087087087,-1.288795423551499,0.7401526231170311
10.89089089089089,-1.232215090691037,0.7772757271110203
10.91091091091091,-1.241408568561691,0.7951701247470226
10.93093093093093,-1.1975466736585585,0.8112228634519385
10.95095095095095,-1.2102679524733504,0.845202974641585
10.97097097097097,-1.1489985430363283,0.8440975396789268
10.99099099099099,-1.1442686513347329,0.873065671601168
11.01101101101101,-1.1240138072664967,0.8750435714634003
11.03103103103103,-1.1172263646149352,0.8882305873320218
11.05105105105105,-1.133410115619949,0.9074953526456837
11.07107107107107,-1.1205305947811754,0.8938286843534042
11.09109109109109,-1.0489626292048264,0.943391257106467
11.11111111111111,-1.0265613831385636,0.9386777458819734
11.13113113113113,-1.060272039220446,0.9575186105936804
11.15115115115115,-1.0157322458148688,0.9828503721345078
11.17117117117117,-0.9752582378244447,0.9937528655840553
11.19119119119119,-0.9706476085477004,1.0017171463369972
11.21121121121121,-0.9480193749835006,1.0429084155977955
11.23123123123123,-0.9509230286667105,1.0603749213908036
11.25125125125125,-0.9180566930850238,1.082868176162582
11.27127127127127,-0.8569189553322645,1.11046473800172
11.29129129129129,-0.8747023181200695,1.0956800757565246
11.31131131131131,-0.8646719669917339,1.1586489435510152
11.33133133133133,-0.836930815457385,1.2189669808
11.35135135135135,-0.8023775623912701,1.2457228204378337
11.37137137137137,-0.7731242666479164,1.2505781967805787
11.391391391391391,-0.7508025332223965,1.281110015133184
11.411411411411411,-0.6886805612866627,1.2672272883305895
11.431431431431431,-0.7364504584526798,1.3367925632422566
11.451451451451451,-0.668795569488812,1.397013286450376
11.471471471471471,-0.6315633732947072,1.412669119310646
11.491491491491491,-0.5918231615550501,1.479757993456593
11.511511511511511,-0.5789078486110514,1.518934143251802
11.531531531531531,-0.5466918587388407,1.5307740399953313
11.551551551551551,-0.5068783453195796,1.5884016978115718
11.571571571571571,-0.48859401562059096,1.661761605193935
11.591591591591591,-0.504481402430323,1.6520492606578574
11.611611611611611,-0.4450651968607173,1.7232792871208444
11.631631631631631,-0.3912511241371772,1.7526262730617714
11.651651651651651,-0.36963049426223815,1.8199058196308255
11.671671671671671,-0.26343771072478495,1.929650129426702
11.691691691691691,-0.2823275591160043,1.9449830908062056
11.711711711711711,-0.25738769435824427,1.9748614940930698
11.731731731731731,-0.19581467361905888,2.055923645544699
11.751751751751751,-0.1529688313532359,2.1087471012538974
11.771771771771771,-0.122988078716933,2.210498300850084
11.791791791791791,-0.055546512022518715,2.284401010981964
11.811811811811811,-0.04301482475394841,2.363219703127836
11.831831831831831,0.01507265424522335,2.4301462669942606
11.851851851851851,0.07998498991255419,2.462288334487736
11.871871871871871,0.12444906753061713,2.5700165520900518
11.891891891891891,0.19506866108316356,2.6328710270795
11.911911911911911,0.26693860273590125,2.728345811494285
11.931931931931931,0.2861049834700412,2.79456841236078
11.951951951951951,0.38626024696380945,2.888257502251962
11.971971971971971,0.3807357915924127,2.8972589575609913
11.991991991991991,0.49400650528452017,2.957679510854231
12.012012012012011,0.49808656291318415,3.0274565012061525
12.032032032032031,0.5942825991391482,3.087638197182419
12.052052052052051,0.6351905929547971,3.121712110872427
12.072072072072071,0.6971100352903855,3.154923269587556
12.092092092092091,0.8207994148560851,3.2063903993590186
12.112112112112111,0.8571672942548205,3.2080361930770964
12.132132132132131,0.9002115628218611,3.2092983223013105
12.152152152152151,0.9153858466286353,3.1891871847399673
12.172172172172171,0.996427913985147,3.1515851147687326
12.192192192192191,1.0724112876431675,3.189020682537513
12.212212212212211,1.158284375740831,3.1400958720391037
12.232232232232231,1.2291395751694758,3.0675299732601062
12.252252252252251,1.2632600303406807,2.9861048072962593
12.272272272272271,1.354550167301127,2.874630778823583
12.292292292292291,1.4079489673208925,2.79575876327546
12.312312312312311,1.440399937927886,2.6492026145503487
12.332332332332332,1.4799848031550678,2.551014296585154
12.352352352352352,1.559951440360034,2.403093537546563
12.372372372372372,1.6010121820067071,2.2937958586718645
12.392392392392392,1.6571323605301214,2.172444511287127
12.412412412412412,1.7117445670144285,1.9777716106091172
12.432432432432432,1.7584260947617747,1.8426555287516175
12.452452452452452,1.781312229606763,1.710798722394862
12.472472472472472,1.7849716288694613,1.5315766832006583
12.492492492492492,1.8197781094284662,1.3982189015465147
12.512512512512512,1.869823778552699,1.3258592444900539
12.532532532532532,1.8591793537702959,1.1729724480655137
12.552552552552552,1.8827337217553501,1.0317176700892976
12.572572572572572,1.9324635786903028,0.9272792135747455
12.592592592592592,1.9692384217606522,0.8088685396141592
12.612612612612612,1.9697793994107071,0.7177666016855954
12.632632632632632,1.9790681785183106,0.6110344750369447
12.652652652652652,1.9736705517938435,0.5285863419795612
12.672672672672672,1.9677325037618165,0.46163554232271004
12.692692692692692,2.005662687290242,0.3840949203976728
12.712712712712712,2.030137111972912,0.3310778937952477
12.732732732732732,1.9972926514360814,0.24512821489987577
12.752752752752752,1.9964777625265768,0.17907094965799863
12.772772772772772,1.9999812446085454,0.15694438131729685
12.792792792792792,2.021241431021551,0.07076496676931618
12.812812812812812,2.038885262250917,-0.013414021906851026
12.832832832832834,1.9749128895832688,0.004735475137243501
12.852852852852854,2.01579871158697,-0.04373229889657762
12.872872872872874,1.9867374941784965,-0.08345722230847247
12.892892892892894,2.05135662886628,-0.09774380223286909
12.912912912912914,2.012104161438825,-0.15150123792396905
12.932932932932934,1.9976970698716934,-0.2113072461642282
12.952952952952954,2.007122195330736,-0.17556184123016416
12.972972972972974,1.9663831789819681,-0.22740870017930698
12.992992992992994,1.9702565910011685,-0.253354471167513
13.013013013013014,1.9896050112606325,-0.29394135354704487
13.033033033033034,1.9956010441675909,-0.25388541320382846
13.053053053053054,1.9727530430030416,-0.33393889124167736
13.073073073073074,1.9520109691436807,-0.27381775090700833
13.093093093093094,1.9102714845002382,-0.3184893321498302
13.113113113113114,1.9358718117195237,-0.30753401707004197
13.133133133133134,1.939376957820068,-0.32675720583303397
13.153153153153154,1.9573794112462333,-0.3085380450196943
13.173173173173174,1.9350007561711289,-0.3474656491209913
13.193193193193194,1.9021596075221725,-0.3402742302908803
13.213213213213214,1.9092752820676526,-0.3838325996675945
13.233233233233234,1.916499478989729,-0.41190979835579433
13.253253253253254,1.9138225074466912,-0.3688916048034206
13.273273273273274,1.907260573539208,-0.42721126669693643
13.293293293293294,1.8909401023196295,-0.38743326388067273
13.313313313313314,1.847737139229401,-0.4302981238098796
13.333333333333334,1.8945805148854071,-0.40965474046536454
13.353353353353354,1.876919076431579,-0.3838784817384481
13.373373373373374,1.8695625190851255,-0.41371013964872716
13.393393393393394,1.9058039820193637,-0.4367584489544147
13.413413413413414,1.8269182672392035,-0.4293804864846878
13.433433433433434,1.8428348205800105,-0.45378682804783893
13.453453453453454,1.8044809171372305,-0.4022542547082063
13.473473473473474,1.8226365264904811,-0.46819669049374196
13.493493493493494,1.8252878087118443,-0.4607520663954223
13.513513513513514,1.7926813402776418,-0.4522759412147545
13.533533533533534,1.7625724852254359,-0.46136961110394564
13.553553553553554,1.817242677743656,-0.4639612281322434
13.573573573573574,1.7619357186480147,-0.48826374842518716
13.593593593593594,1.7516328675221677,-0.4880234782263672
13.613613613613614,1.7425667475602458,-0.46943701538090454
13.633633633633634,1.7056453818184076,-0.47534873133473154
13.653653653653654,1.7228057688044394,-0.48989117065849896
13.673673673673674,1.6978525178276296,-0.47572371761116933
13.693693693693694,1.7352000107899748,-0.48800401764655604
13.713713713713714,1.6697887632285768,-0.4955542434018154
13.733733733733734,1.6978781131993288,-0.5492320043217606
13.753753753753754,1.6788917647067245,-0.5148823361364238
13.773773773773774,1.6799942625792046,-0.5237379964431965
13.793793793793794,1.6640894267163548,-0.5029919686107253
13.813813813813814,1.672073028933304,-0.5950639229690182
13.833833833833834,1.6303850207218182,-0.5463589029905025
13.853853853853854,1.5907653918128377,-0.5466163974523688
13.873873873873874,1.6397463302720123,-0.5757633617652989
13.893893893893894,1.6103512217100033,-0.5779848362670412
13.913913913913914,1.5789230494126785,-0.5358679341317508
13.933933933933934,1.570131988682249,-0.5620367854114672
13.953953953953954,1.5320619807755942,-0.5400244929767803
13.973973973973974,1.5699213692141258,-0.5870421249081762
13.993993993993994,1.5576373047091931,-0.6178482972732581
14.014014014014014,1.5579082769805688,-0.6025370648078558
14.034034034034034,1.518177802254398,-0.6124489871245256
14.054054054054054,1.4985147983188674,-0.595441582643208
14.074074074074074,1.502978408115147,-0.6031875742145596
14.094094094094094,1.4852771800555542,-0.6130225728653713
14.114114114114114,1.464525643356329,-0.5859408048940342
14.134134134134134,1.4288465099773842,-0.6127590765378385
14.154154154154154,1.4747147585041918,-0.6626658990454514
14.174174174174174,1.4789384165859982,-0.6335697120036605
14.194194194194194,1.4406125644812466,-0.6609975428736924
14.214214214214214,1.4035180657990403,-0.6740565169396804
14.234234234234235,1.402177222232237,-0.6503975222546502
14.254254254254255,1.3843231665259559,-0.7054567491915976
14.274274274274275,1.3833367489073771,-0.6778769123716476
14.294294294294295,1.3659083424482548,-0.690739683710935
14.314314314314315,1.333173465761786,-0.7338697354442021
14.334334334334335,1.3068090160415846,-0.7579435826160272
14.354354354354355,1.3142904652510907,-0.7371659364938192
14.374374374374375,1.2859215796363173,-0.8052051976623915
14.394394394394395,1.2547292288830016,-0.7346208077611844
14.414414414414415,1.2511145578194771,-0.7611360712782246
14.434434434434435,1.2210946340990925,-0.7512669952748218
14.454454454454455,1.2302909698690578,-0.7863347844202203
14.474474474474475,1.2637039903528573,-0.7743219231593069
14.494494494494495,1.1948190207754452,-0.8294713258066586
14.514514514514515,1.177937393456338,-0.8208277587858805
14.534534534534535,1.1655683083641353,-0.8528347303697181
14.554554554554555,1.1799574959276051,-0.8616274706723742
14.574574574574575,1.1792528662868684,-0.8724764585509678
14.594594594594595,1.1513098338496572,-0.882654274177524
14.614614614614615,1.116888708746922,-0.9203917475419497
14.634634634634635,1.0622518955025346,-0.9134235409754993
14.654654654654655,1.0804545721703556,-0.9391813286378641
14.674674674674675,1.01595755568735,-0.985244226784859
14.694694694694695,0.9937760602014779,-1.0121628552703414
14.714714714714715,1.004758559701745,-0.9738364861473227
14.734734734734735,0.982151784153566,-1.061867053463112
14.754754754754755,0.958041010985198,-1.0410714823409641
14.774774774774775,0.9827800394933592,-1.0889934068697258
14.794794794794795,0.9116000424852858,-1.0486924263248194
14.814814814814815,0.9064974148989756,-1.0954732953283801
14.834834834834835,0.8773845736255556,-1.1250919057428135
14.854854854854855,0.867729931583927,-1.1739051420218511
14.874874874874875,0.8462915573304794,-1.2123281945664712
14.894894894894895,0.8112950250593359,-1.209631154611298
14.914914914914915,0.7678194033623952,-1.2432420244617217
14.934934934934935,0.7425068529683235,-1.2951108252740027
14.954954954954955,0.722065758728165,-1.3280149482488688
14.974974974974975,0.7091143288395909,-1.362630840855265
14.994994994994995,0.6897287607845998,-1.398455589353365
15.015015015015015,0.6362739053242964,-1.4240865198633776
15.035035035035035,0.6454609055331832,-1.4433981273204817
15.055055055055055,0.5852954956908663,-1.4801497573971887
15.075075075075075,0.5171376153262156,-1.5328869521728448
15.095095095095095,0.568125811044065,-1.5731251418430843
15.115115115115115,0.4975329834548403,-1.6104700566720158
15.135135135135135,0.4811522313771406,-1.7090164066686138
15.155155155155155,0.395685134033689,-1.7145249960373008
15.175175175175175,0.3801106814810259,-1.74423108852207
15.195195195195195,0.35212430782639614,-1.8630175789755734
15.215215215215215,0.29598753025168106,-1.93531509732893
15.235235235235235,0.2784427969540108,-1.9422314941340115
15.255255255255255,0.23522812718569955,-1.9771643570825301
15.275275275275275,0.22705197808591088,-2.064527537147938
15.295295295295295,0.11848260958309997,-2.1131859017215717
15.315315315315315,0.12906950855701044,-2.1856886005516407
15.335335335335335,0.09303129598138388,-2.2833087270773307
15.355355355355355,0.06763574257603112,-2.3489369041130996
15.375375375375375,-0.0049061120498580125,-2.4345859754790373
15.395395395395395,-0.08728134074312041,-2.4426476983194974
15.415415415415415,-0.1241310445050847,-2.528978004498039
15.435435435435435,-0.16587133022430842,-2.620883687634893
15.455455455455455,-0.19649004628058137,-2.696188187112944
15.475475475475475,-0.3139846908391043,-2.7792169065294607
15.495495495495495,-0.32336858332389046,-2.8252340592516307
15.515515515515515,-0.4231334153393115,-2.915089286861854
15.535535535535535,-0.46214402171583785,-2.971911359602801
15.555555555555555,-0.5379834690076062,-3.0366957178762175
15.575575575575575,-0.586130889800565,-3.062657539682478
15.595595595595595,-0.6174847022354741,-3.128243084445416
15.615615615615615,-0.7044848781559898,-3.161852968071955
15.635635635635635,-0.7766505698772067,-3.217798020791586
15.655655655655655,-0.8433022253229563,-3.2274815162966135
15.675675675675675,-0.9122326651732784,-3.2200820279036635
15.695695695695695,-0.9388829061193553,-3.2512352668122273
15.715715715715715,-1.0172812269227889,-3.2068781060191465
15.735735735735735,-1.0747823827663106,-3.1719366572373584
15.755755755755755,-1.1737554917413713,-3.151987301624287
15.775775775775776,-1.2061240410905454,-3.047027238896208
15.795795795795796,-1.31170103005047,-2.987601556336589
15.815815815815816,-1.3027312257345323,-2.9111049603740886
15.835835835835836,-1.3727678943897519,-2.823123091790702
15.855855855855856,-1.4413101131957378,-2.731143824011191
15.875875875875876,-1.5386494367933017,-2.5595825810895203
15.895895895895896,-1.561807643850687,-2.4589035614549473
15.915915915915916,-1.6175369581025272,-2.3427163583509922
15.935935935935936,-1.6382255654478304,-2.188994574230064
15.955955955955956,-1.6692915917010938,-2.0221965805774156
15.975975975975976,-1.709654376300207,-1.8820171769031873
15.995995995995996,-1.7208449866762248,-1.7640111459559256
16.016016016016017,-1.7869583264358346,-1.5776846144250845
16.036036036036037,-1.7912079691334921,-1.4895631341967073
16.056056056056057,-1.8506385236188816,-1.2989689389946202
16.076076076076077,-1.859469704248582,-1.1923429446572056
16.096096096096097,-1.896681754847908,-1.0798518691737313
16.116116116116117,-1.9068390615228017,-0.9594676863085599
16.136136136136138,-1.9314390492628128,-0.8417396067219804
16.156156156156158,-1.9599766550272684,-0.7283818315950726
16.176176176176178,-1.9019389663271111,-0.6771386411440559
16.196196196196198,-1.9656699504789905,-0.5661669664620755
16.216216216216218,-1.9707806369837655,-0.466023609261924
16.236236236236238,-1.9756526765208515,-0.36583065893374656
16.256256256256258,-1.9941102636691703,-0.29519494485553716
16.276276276276278,-2.0505405218881965,-0.22030951482268674
16.296296296296298,-2.0005886027586954,-0.17028680096088278
16.316316316316318,-2.035767447281486,-0.15327004078336384
16.336336336336338,-2.0106742771762662,-0.08653279084159574
16.356356356356358,-2.009188862049647,-0.01841041727437145
16.376376376376378,-2.050529947235177,0.021441037021208195
16.396396396396398,-2.0146305803155147,0.03626009502242109
16.416416416416418,-2.0430553472817308,0.08538864229247328
16.436436436436438,-2.0600828170485848,0.12020526676615484
16.456456456456458,-2.039200081143754,0.1374117605069477
16.476476476476478,-2.0087418617657735,0.18629225194890606
16.496496496496498,-2.0064238806230144,0.17327004039018823
16.516516516516518,-2.0090108608453745,0.2347740720755634
16.536536536536538,-1.9837563825055797,0.2218813762626002
16.556556556556558,-1.9944261352800985,0.2168263593619072
16.576576576576578,-1.976786334994557,0.2300160537702449
16.596596596596598,-1.9640513727416211,0.2834468273699074
16.616616616616618,-1.9255788428926413,0.27329223613563747
16.636636636636638,-1.9693243637099365,0.34456577477616407
16.656656656656658,-1.9371404090889912,0.3069794681486563
16.676676676676678,-1.9499487676468201,0.33234920431622755
16.696696696696698,-1.9420287795556184,0.3289362151444246
16.716716716716718,-1.9424892084042296,0.3208287384890409
16.736736736736738,-1.9308440104034954,0.3710255928249095
16.756756756756758,-1.9307595275846903,0.3383836584040914
16.776776776776778,-1.898937041151811,0.38612076239572946
16.796796796796798,-1.9255661174009022,0.38090588050275187
16.816816816816818,-1.933247592472292,0.37328987962780874
16.836836836836838,-1.9060367647456073,0.42528489360025085
16.856856856856858,-1.899981706810275,0.4201185936038202
16.876876876876878,-1.889739869618327,0.41858786488146854
16.896896896896898,-1.8734594948446806,0.437155156787695
16.916916916916918,-1.8728666669023544,0.39408968573141917
16.936936936936938,-1.881233191656351,0.4205577968501973
16.956956956956958,-1.869887667220703,0.4448887693024121
16.976976976976978,-1.8454256620369502,0.4895228690108919
16.996996996996998,-1.8619626454021696,0.4513275445200509
17.017017017017018,-1.8407619426850106,0.4425080255464987
17.037037037037038,-1.806267379038224,0.4109042950077245
17.057057057057058,-1.7951520394948406,0.5004360707325962
17.077077077077078,-1.79965126897067,0.4724855460254876
17.097097097097098,-1.7606801163781223,0.4688806540174477
17.117117117117118,-1.7832966028553978,0.4314867786533819
17.137137137137138,-1.7492596888227003,0.479563052061295
17.157157157157158,-1.7726387667343655,0.4891772820514041
17.177177177177178,-1.7542677829586566,0.4808999530510039
17.197197197197198,-1.720580757166576,0.46953771974703234
17.217217217217218,-1.7017756309934347,0.4732113322827714
17.237237237237238,-1.7258937303014268,0.5445150191712473
17.25725725725726,-1.679912071381225,0.5129387208178599
17.27727727727728,-1.710990065078828,0.5053790549009601
17.2972972972973,-1.6803340550904613,0.5217476493109765
17.31731731731732,-1.6731357166871896,0.525475312658968
17.33733733733734,-1.6650218587438035,0.5024163302050795
17.35735735735736,-1.6603764973212793,0.5547883981463977
17.37737737737738,-1.6666191712884593,0.5380276818629962
17.3973973973974,-1.644746317453085,0.5494582512786472
17.41741741741742,-1.6251133459865728,0.5822877956424303
17.43743743743744,-1.596087160455215,0.5321154103089474
17.45745745745746,-1.581558976066973,0.5485795189547916
17.47747747747748,-1.59517248762038,0.5761862455434292
17.4974974974975,-1.5819984498398256,0.5937272857496086
17.51751751751752,-1.5760640304090239,0.5695814086801206
17.53753753753754,-1.561988290851638,0.576874591026182
17.55755755755756,-1.5150379912458927,0.6071343155161486
17.57757757757758,-1.4908548426092427,0.6464336168413225
17.5975975975976,-1.533567806519145,0.609170298336735
17.61761761761762,-1.524241804711807,0.599057568243197
17.63763763763764,-1.5009449547608036,0.6004889546284745
17.65765765765766,-1.4968641512789473,0.6259516076632187
17.67767767767768,-1.4874977245640704,0.6530765453478709
17.6976976976977,-1.468705304495057,0.7000224936100721
17.71771771771772,-1.4464106223863695,0.6530782617976226
17.73773773773774,-1.4501639854285429,0.6937859066575289
17.75775775775776,-1.3885784129340084,0.6738580281459161
17.77777777777778,-1.424448078934751,0.6806287249166156
17.7977977977978,-1.4063116726128977,0.7144092535285131
17.81781781781782,-1.3538924611343428,0.6960803487180675
17.83783783783784,-1.4048140738066788,0.6837874568443814
17.85785785785786,-1.3281528169609549,0.7372851717552569
17.87787787787788,-1.305351507434191,0.6910598391658628
17.8978978978979,-1.306929942887371,0.7533979264805987
17.91791791791792,-1.3313465571450458,0.7434467378055669
17.93793793793794,-1.2777078708497567,0.7484519628886408
17.95795795795796,-1.3050117708251492,0.7591772912825543
17.97797797797798,-1.2590699912474115,0.7743325942936025
17.997997997998,-1.2481124294916606,0.7804335279308322
18.01801801801802,-1.221711877327343,0.8105586579517351
18.03803803803804,-1.2108281421829008,0.8063686111305971
18.05805805805806,-1.1864525400226251,0.7894528003992584
18.07807807807808,-1.162047708473263,0.8416493329046598
18.0980980980981,-1.153802265798627,0.8751683787043981
18.11811811811812,-1.176368774802141,0.8312987320196027
18.13813813813814,-1.1142504730709086,0.8860097854900815
18.15815815815816,-1.098423469911023,0.8928691263280176
18.17817817817818,-1.0703148046694138,0.9373362144182265
18.1981981981982,-1.0553589482472887,0.9306818740831834
18.21821821821822,-1.08827774455365,0.9691741269694235
18.23823823823824,-1.0024095146734948,0.9852820118692324
18.25825825825826,-1.0247772524034497,1.0052150540142535
18.27827827827828,-0.9699189785256128,1.0430490613695707
18.2982982982983,-0.9841856681135549,1.028302890361447
18.31831831831832,-0.9308237037030801,1.0558076523076572
18.33833833833834,-0.946775323435158,1.0856922242146263
18.35835835835836,-0.8910503706416201,1.1028596141686813
18.37837837837838,-0.8759422351763502,1.1206360556728563
18.3983983983984,-0.8279734603070746,1.1335672282899
18.41841841841842,-0.8459635547137432,1.1786868716653705
18.43843843843844,-0.7927662678112776,1.1765774675170926
18.45845845845846,-0.8121055565927895,1.1950586570321604
18.47847847847848,-0.760200813537158,1.2440270565016822
18.4984984984985,-0.7428751492620602,1.3115556067040963
18.51851851851852,-0.721690988366881,1.3363087446442241
18.53853853853854,-0.6878403365536546,1.3799676194095165
18.55855855855856,-0.6446314628514629,1.3890844442069323
18.57857857857858,-0.6290426724910994,1.461820644235965
18.5985985985986,-0.5885596514738811,1.4527237866318656
18.61861861861862,-0.5532596975156335,1.5004520311209393
18.63863863863864,-0.5072179840118454,1.5859395677308699
18.65865865865866,-0.49788069809060687,1.6138135574655819
18.67867867867868,-0.47514456117612236,1.671410848443559
18.6986986986987,-0.44470051426713253,1.7117402888047064
18.71871871871872,-0.38516192901008134,1.7470480530681578
18.73873873873874,-0.37919297391584383,1.7877590775596468
18.75875875875876,-0.35133742707957594,1.830575550562482
18.77877877877878,-0.2774977108875492,1.960966109032907
18.7987987987988,-0.2244585214419198,1.9520511472826607
18.81881881881882,-0.1981207268851813,2.07491047887811
18.83883883883884,-0.1801469234247231,2.11244495391826
18.85885885885886,-0.16826145103591006,2.181658313548487
18.87887887887888,-0.1051296266628084,2.248051764130985
18.8988988988989,-0.0694644148236763,2.32430097889755
18.91891891891892,0.02927167274442351,2.368581823266723
18.93893893893894,0.0344939832637812,2.4130496950689775
18.95895895895896,0.10180339156310911,2.5172232099120047
18.97897897897898,0.1274696623769042,2.6109208284652734
18.998998998999,0.20230951310010348,2.653147718354917
19.01901901901902,0.25448675995238984,2.7680729923306444
19.03903903903904,0.3333333464810143,2.8145042224967636
19.05905905905906,0.3907417469016186,2.8620113271201224
19.07907907907908,0.43742514231897445,2.9530649244545923
19.0990990990991,0.4870575666183604,3.019486162158884
19.11911911911912,0.5416853053728334,3.076325289571636
19.13913913913914,0.6302163683419695,3.05668852106463
19.15915915915916,0.7057751313723839,3.095346348155301
19.17917917917918,0.733177571336024,3.209235891160377
19.1991991991992,0.8032332424095023,3.1818160409239296
19.21921921921922,0.8521236134830668,3.2429491334108103
19.23923923923924,0.9000932161816011,3.2441089444661584
19.25925925925926,1.0017995895236014,3.183787332300603
19.27927927927928,1.0552035772482313,3.1597280310622997
19.2992992992993,1.1474623400986157,3.153077920473405
19.31931931931932,1.1580505898094777,3.074503328755548
19.33933933933934,1.2362068188174418,3.038555287985976
19.35935935935936,1.2859694078003843,2.961335559614909
19.37937937937938,1.3700068788056174,2.809837990412913
19.3993993993994,1.412784639608451,2.709224653516618
19.41941941941942,1.4542310524173963,2.6090380692428763
19.43943943943944,1.5061034988573598,2.436677647215802
19.45945945945946,1.5713936031530888,2.3103314352939033
19.47947947947948,1.609533003654245,2.18905375478204
19.4994994994995,1.649917572937965,2.1046469757549584
19.51951951951952,1.7083609198904477,1.9252290949802993
19.53953953953954,1.708703463721088,1.7628984161328396
19.55955955955956,1.7826588788000033,1.6126238199256229
19.57957957957958,1.8278015523511022,1.4690228197749935
19.5995995995996,1.8324349363857189,1.3452942534831778
19.61961961961962,1.8672945532129472,1.2130670019790928
19.63963963963964,1.881866401339755,1.0956823018972732
19.65965965965966,1.8934221607446167,0.9908505496479709
19.67967967967968,1.9313812545168565,0.8667052255162903
19.6996996996997,1.9343199919862755,0.7785309923596282
19.71971971971972,1.9524771668058352,0.6574518907979451
19.73973973973974,1.9716384643020954,0.6053185670566723
19.75975975975976,1.9533096200827131,0.5012569588596872
19.77977977977978,1.9511781676259858,0.4111320173952449
19.7997997997998,2.027947394882848,0.34366578461697245
19.81981981981982,2.0058622995189777,0.25565379767291074
19.83983983983984,2.007788745190714,0.20031584560058843
19.85985985985986,1.9949872688122108,0.1432230400480331
19.87987987987988,2.0171343089312948,0.08214928901657112
19.8998998998999,1.9985145275647545,0.02321480435669988
19.91991991991992,2.0230273826269154,0.0183571189715344
19.93993993993994,2.01959685113582,-0.012445124707185357
19.95995995995996,2.0157220457428804,-0.05965684360287958
19.97997997997998,2.0183588184381374,-0.10192699254662012
20.0,1.9993595301124443,-0.08554509335133081
